Date,Open,High,Low,Close,Volume,Dividends,Stock Splits,Daily_Return,7_Day_Moving_Avg,HighVolatility,Above_Moving_Avg,Symbol
2025-09-17 00:00:00-04:00,238.09049720761,239.21634322602875,236.85505542454317,238.1104278564453,46508000,0.0,0.0,0.01,238.11,0,1,AAPL
2025-09-18 00:00:00-04:00,239.08682096339743,240.31228984200703,235.77903252032195,237.0045166015625,44249600,0.0,0.0,-0.87,237.56,0,0,AAPL
2025-09-19 00:00:00-04:00,240.3421770415445,245.3935247988757,239.32594197772087,244.59646606445312,163741300,0.0,0.0,1.77,239.9,0,1,AAPL
2025-09-22 00:00:00-04:00,247.38616206443075,255.69547916115812,247.2068166293636,255.13751220703125,105517400,0.0,0.0,3.13,243.71,1,1,AAPL
2025-09-23 00:00:00-04:00,254.9382669065294,256.3928850249964,252.646728760892,253.49359130859372,60275200,0.0,0.0,-0.57,245.67,0,1,AAPL
2025-09-24 00:00:00-04:00,254.2807025242173,254.7987929994329,250.11607847800005,251.38140869140625,42303700,0.0,0.0,-1.14,246.62,0,1,AAPL
2025-09-25 00:00:00-04:00,252.2781032462208,256.2235357177961,250.7836237831838,255.92462158203125,55202100,0.0,0.0,1.45,247.95,0,1,AAPL
2025-09-26 00:00:00-04:00,253.1648258525147,256.6519445821492,252.84599627139943,254.5198211669922,46076300,0.0,0.0,0.54,250.29,0,1,AAPL
2025-09-29 00:00:00-04:00,253.62311772285491,254.06150078407973,252.07881928540596,253.49359130859372,40127700,0.0,0.0,-0.05,252.65,0,1,AAPL
2025-09-30 00:00:00-04:00,253.92203562343897,254.9781320575181,252.17847617402816,253.69288635253903,37704300,0.0,0.0,-0.09,253.95,0,0,AAPL
2025-10-01 00:00:00-04:00,254.10134722927504,257.83756097799323,253.9917514638179,254.5098419189453,48713900,0.0,0.0,0.16,253.86,0,1,AAPL
2025-10-02 00:00:00-04:00,255.6356607808825,257.229778167004,253.2146115335708,256.18365478515625,42630200,0.0,0.0,0.21,254.24,0,1,AAPL
2025-10-03 00:00:00-04:00,253.73271197999827,258.2858846694617,253.01536064819075,257.07037353515625,49155600,0.0,0.0,1.32,255.06,0,1,AAPL
2025-10-06 00:00:00-04:00,257.0405037108186,258.1165459888059,254.11133663097664,255.74530029296875,44664100,0.0,0.0,-0.5,255.03,0,1,AAPL
2025-10-07 00:00:00-04:00,255.86485915808865,256.4526841311554,254.48993311029045,255.5360870361328,31955800,0.0,0.0,-0.13,255.18,0,1,AAPL
2025-10-08 00:00:00-04:00,255.5758888188916,257.5685279874928,255.16739414069707,257.1102294921875,36496900,0.0,0.0,0.6,255.69,0,1,AAPL
2025-10-09 00:00:00-04:00,256.8611554198282,257.0504585775582,252.2083446799687,253.1050262451172,38322000,0.0,0.0,-1.46,255.61,0,0,AAPL
2025-10-10 00:00:00-04:00,254.0017340209507,255.43643674947077,243.10199461677743,244.3673248291016,61999100,0.0,0.0,-3.79,254.16,0,0,AAPL
2025-10-13 00:00:00-04:00,248.46219085423505,248.7710475029622,244.6562426215344,246.7485198974609,38142900,0.0,0.0,-0.69,252.81,0,0,AAPL
2025-10-14 00:00:00-04:00,245.69241642712316,247.93413549962375,243.79940008876653,246.8581085205078,35478000,0.0,0.0,0.47,251.35,0,0,AAPL
2025-10-15 00:00:00-04:00,248.5717898296712,250.8932163906544,246.559219921403,248.42233276367188,33893600,0.0,0.0,-0.06,250.31,0,0,AAPL
2025-10-16 00:00:00-04:00,247.33635013275975,248.1234359576197,244.22783772705108,246.53929138183597,39777000,0.0,0.0,-0.32,249.02,0,0,AAPL
2025-10-17 00:00:00-04:00,247.1072067041429,252.4474806979352,246.3599669580113,251.36148071289065,49147000,0.0,0.0,1.72,248.2,0,1,AAPL
2025-10-20 00:00:00-04:00,254.94822099113512,263.4069798400544,254.68918336894043,261.2748413085937,90483000,0.0,0.0,2.48,249.37,1,1,AAPL
2025-10-21 00:00:00-04:00,260.9161783410852,264.3136317818121,260.86634411857244,261.8028869628906,46695900,0.0,0.0,0.34,251.86,0,1,AAPL
2025-10-22 00:00:00-04:00,261.68336485657886,261.882640960004,254.48993535873984,257.49884033203125,45015300,0.0,0.0,-1.6,253.39,0,1,AAPL
2025-10-23 00:00:00-04:00,258.98332466328685,259.6608147081683,257.0604350924048,258.6246337890625,32754900,0.0,0.0,-0.14,255.07,0,1,AAPL
2025-10-24 00:00:00-04:00,260.2287163700197,263.15789839957887,258.22610426270086,261.85272216796875,38253700,0.0,0.0,0.62,256.99,0,1,AAPL
2025-10-27 00:00:00-04:00,263.90514984178776,268.1295353654346,263.67598537979285,267.8206787109375,44888200,0.0,0.0,1.48,260.03,0,1,AAPL
2025-10-28 00:00:00-04:00,267.9999758056659,268.896687690681,267.16307106420925,268.00994873046875,41534800,0.0,0.0,0.0,262.41,0,1,AAPL
2025-10-29 00:00:00-04:00,268.28892986747474,270.4110953948544,266.1269030442272,268.7073974609375,51086700,0.0,0.0,0.16,263.47,0,1,AAPL
2025-10-30 00:00:00-04:00,270.98897852374654,273.131090148023,267.4919171420092,270.4011535644531,69886500,0.0,0.0,-0.22,264.7,0,1,AAPL
2025-10-31 00:00:00-04:00,275.9705701844509,276.29937269597025,268.16940070155243,269.3749389648437,86167100,0.0,0.0,-2.39,266.4,0,1,AAPL
2025-11-03 00:00:00-05:00,269.42476736726525,269.8531775103368,265.2701011373342,268.0597839355469,50194600,0.0,0.0,-0.51,267.75,0,1,AAPL
2025-11-04 00:00:00-05:00,267.3424445625432,270.49081837885313,266.6350661079627,269.0461730957031,49274800,0.0,0.0,0.64,268.77,0,1,AAPL
2025-11-05 00:00:00-05:00,267.6214146886098,270.7000692568828,265.94760492323326,269.14581298828125,43683100,0.0,0.0,0.57,268.96,0,1,AAPL
2025-11-06 00:00:00-05:00,266.90407480138714,272.3937751745226,266.90407480138714,268.7771301269531,51204000,0.0,0.0,0.7,269.07,0,0,AAPL
2025-11-07 00:00:00-05:00,268.8069946610708,271.2878509444664,265.78814772800683,267.4819030761719,48227400,0.0,0.0,-0.49,268.9,0,0,AAPL
2025-11-10 00:00:00-05:00,268.2298525605972,272.98692304032335,266.733924572705,268.6985778808594,41312400,0.26,0.0,0.17,268.65,0,1,AAPL
2025-11-11 00:00:00-05:00,269.07757258136417,275.16101963639426,269.0675899882029,274.5028076171875,46208300,0.0,0.0,2.02,269.39,1,1,AAPL
2025-11-12 00:00:00-05:00,274.2535066981436,274.9815360542478,270.9624767916609,272.7276611328125,48398000,0.0,0.0,-0.56,270.05,0,1,AAPL
2025-11-13 00:00:00-05:00,273.36590026791555,275.9488963676571,271.3513946141157,272.2090759277344,49602800,0.0,0.0,-0.42,270.51,0,1,AAPL
2025-11-14 00:00:00-05:00,270.3142081927936,275.21088338895913,268.8681625557137,271.6705322265625,47431300,0.0,0.0,0.5,270.87,0,1,AAPL
2025-11-17 00:00:00-05:00,268.0903024129557,269.75575219797963,265.00869378967747,266.7339782714844,45018300,0.0,0.0,-0.51,270.57,0,0,AAPL
2025-11-18 00:00:00-05:00,269.25705465795,269.97510130800674,264.59974924229334,266.7139892578125,45677300,0.0,0.0,-0.94,270.47,0,0,AAPL
2025-11-19 00:00:00-05:00,264.80921977983166,271.47107967039307,264.77930243197466,267.8309936523437,40424500,0.0,0.0,1.14,270.34,0,0,AAPL
2025-11-20 00:00:00-05:00,270.0948061865016,274.68232536305425,265.1981613886433,265.5272521972656,45823600,0.0,0.0,-1.69,269.06,0,0,AAPL
2025-11-21 00:00:00-05:00,265.2280517805383,272.5879921198442,264.9488130991126,270.75299072265625,59030800,0.0,0.0,2.08,268.78,1,1,AAPL
2025-11-24 00:00:00-05:00,270.164627965921,276.24807542504453,270.164627965921,275.1710205078125,65585800,0.0,0.0,1.85,269.2,0,1,AAPL
2025-11-25 00:00:00-05:00,274.52277261748515,279.6189174225992,274.50283786370125,276.2181701660156,46914200,0.0,0.0,0.62,269.85,0,1,AAPL
2025-11-26 00:00:00-05:00,276.2081750495132,278.7712060098946,275.8790842359358,276.79656982421875,33431400,0.0,0.0,0.21,271.29,0,1,AAPL
2025-11-28 00:00:00-05:00,276.50736791500816,278.242634823177,275.2407959413455,278.0930480957031,20135600,0.0,0.0,0.57,272.91,0,1,AAPL
2025-12-01 00:00:00-05:00,277.2553332443013,282.65065109438723,275.3904143522869,282.3315124511719,46587700,0.0,0.0,1.83,274.98,0,1,AAPL
2025-12-02 00:00:00-05:00,282.231773534172,286.619823290159,281.86278279875575,285.4131164550781,53669500,0.0,0.0,1.13,277.83,0,1,AAPL
2025-12-03 00:00:00-05:00,285.4230848596457,287.8364984098337,282.5309329409685,283.3786315917969,43538700,0.0,0.0,-0.72,279.63,0,1,AAPL
2025-12-04 00:00:00-05:00,283.3287830094401,283.95707766942763,277.8337308175164,279.9380187988281,43989100,0.0,0.0,-1.2,280.31,0,0,AAPL
2025-12-05 00:00:00-05:00,279.77845592816414,280.37683325787106,277.2951945750906,278.0232238769531,47265800,0.0,0.0,-0.63,280.57,0,0,AAPL
2025-12-08 00:00:00-05:00,277.3750199323196,278.91084811822003,275.4003836933047,277.1356811523437,38211800,0.0,0.0,-0.09,280.62,0,0,AAPL
2025-12-09 00:00:00-05:00,277.40493251311347,279.2698514894354,276.16830825817004,276.4275817871094,32193300,0.0,0.0,-0.35,280.38,0,0,AAPL
2025-12-10 00:00:00-05:00,276.9960211276047,278.9905919368044,275.68957968235776,278.0232238769531,33038300,0.0,0.0,0.37,279.76,0,0,AAPL
2025-12-11 00:00:00-05:00,278.34237127554803,278.8310314000742,273.0667227973629,277.2752685546875,33248000,0.0,0.0,-0.38,278.6,0,0,AAPL
2025-12-12 00:00:00-05:00,277.14562382282355,278.4620479370953,276.0685689150702,277.52459716796875,39532900,0.0,0.0,0.14,277.76,0,0,AAPL
2025-12-15 00:00:00-05:00,279.3894873363706,279.3894873363706,272.0993337942639,273.3658752441406,50409100,0.0,0.0,-2.16,276.83,0,0,AAPL
2025-12-16 00:00:00-05:00,272.07941349564567,274.752131096348,271.0522107383373,273.8645324707031,37648600,0.0,0.0,0.66,276.23,0,0,AAPL
2025-12-17 00:00:00-05:00,274.2634896625032,275.41036187784255,270.9026424636208,271.1020812988281,50138700,0.0,0.0,-1.15,275.37,0,0,AAPL
2025-12-18 00:00:00-05:00,272.86723904028526,272.8872042261758,266.22534517191764,271.4511108398437,51630700,0.0,0.0,-0.52,274.66,0,0,AAPL
2025-12-19 00:00:00-05:00,271.41126100078174,273.854622814086,269.1673684747946,272.9271545410156,144632000,0.0,0.0,0.56,273.93,0,0,AAPL
2025-12-22 00:00:00-05:00,272.1192896847017,273.13654030849926,269.7756932559407,270.23443603515625,36571800,0.0,0.0,-0.69,272.92,0,0,AAPL
2025-12-23 00:00:00-05:00,270.1048034873943,271.7603010837797,268.8282792538215,271.62066650390625,29642000,0.0,0.0,0.56,272.08,0,0,AAPL
2025-12-24 00:00:00-05:00,271.60070067851706,274.6823088952694,271.46109654935304,273.06671142578125,17910600,0.0,0.0,0.54,272.04,0,1,AAPL
2025-12-26 00:00:00-05:00,273.41578359787746,274.6224904749486,272.11929424741834,272.6578369140625,21521800,0.0,0.0,-0.28,271.87,0,1,AAPL
2025-12-29 00:00:00-05:00,271.9497734782625,273.6152231466168,271.6107000753325,273.0168762207031,23715200,0.0,0.0,0.39,272.14,0,1,AAPL
2025-12-30 00:00:00-05:00,272.06942798009953,273.3359694836473,271.54086793463244,272.33868408203125,22139600,0.0,0.0,0.1,272.27,0,1,AAPL
2025-12-31 00:00:00-05:00,272.3187639976345,272.9370761103812,271.0123224859311,271.1220092773437,27293600,0.0,0.0,-0.44,272.01,0,0,AAPL
2026-01-02 00:00:00-05:00,271.52095990203577,277.0857995993762,268.2697994337228,270.2743530273437,37838100,0.0,0.0,-0.46,272.01,0,0,AAPL
2026-01-05 00:00:00-05:00,269.9053759278346,270.7730094869922,265.41759095171795,266.5345458984375,45647200,0.0,0.0,-1.25,271.29,0,0,AAPL
2026-01-06 00:00:00-05:00,266.27521573774703,266.82371056256306,261.40845786144683,261.6477966308594,52352100,0.0,0.0,-1.74,269.66,0,0,AAPL
2026-01-07 00:00:00-05:00,262.485556491205,262.96423405428067,259.10474402829175,259.6233215332031,48309800,0.0,0.0,-1.09,267.79,0,0,AAPL
2026-01-08 00:00:00-05:00,256.3222864925608,258.58614386359903,255.0058776573516,258.3368225097656,50419300,0.0,0.0,0.79,265.7,0,0,AAPL
2026-01-09 00:00:00-05:00,258.3767027680543,259.5036402038468,255.52448097015204,258.6659240722656,39997000,0.0,0.0,0.11,263.74,0,0,AAPL
2026-01-12 00:00:00-05:00,258.45648066308013,260.5906555331263,256.1028713590674,259.54351806640625,45263800,0.0,0.0,0.42,262.09,0,0,AAPL
2026-01-13 00:00:00-05:00,258.01770778709204,261.0993163539261,257.68861696081353,260.34136962890625,45730800,0.0,0.0,0.9,260.67,0,0,AAPL
2026-01-14 00:00:00-05:00,258.78557762508564,261.1092696408236,256.0131254420647,259.2543029785156,40019400,0.0,0.0,0.18,259.63,0,0,AAPL
2026-01-15 00:00:00-05:00,259.9424426175537,260.3313985459844,256.35220896361545,257.5090637207031,39388600,0.0,0.0,-0.94,259.04,0,0,AAPL
2026-01-16 00:00:00-05:00,257.1999111311508,258.1971965798445,254.2379721311412,254.8363494873047,72142800,0.0,0.0,-0.92,258.36,0,0,AAPL
2026-01-20 00:00:00-05:00,252.04394930256512,254.09835490933511,242.75922413209136,246.0303192138672,80267500,0.0,0.0,-2.39,256.6,0,0,AAPL
2026-01-21 00:00:00-05:00,248.02489020045317,250.87712721718017,244.51444112970407,246.9777374267578,54641700,0.0,0.0,-0.42,254.93,0,0,AAPL
2026-01-22 00:00:00-05:00,248.52352576906395,250.31864258405668,247.47637302553755,247.67584228515625,39708300,0.0,0.0,-0.34,253.23,0,0,AAPL
2026-01-23 00:00:00-05:00,246.6486371992728,248.73296007338791,244.0157890837153,247.36666870117188,41689000,0.0,0.0,0.29,251.38,0,0,AAPL
2026-01-26 00:00:00-05:00,250.7973501838168,255.86356228737432,249.121917868832,254.71669006347656,55969200,0.0,0.0,1.56,250.73,0,1,AAPL
2026-01-27 00:00:00-05:00,258.4664899667647,261.2389423700868,257.5090739976807,257.56890869140625,49648300,0.0,0.0,-0.35,250.74,0,1,AAPL
2026-01-28 00:00:00-05:00,256.95057275810245,258.1572795494081,253.81909726521187,255.74386596679688,41288000,0.0,0.0,-0.47,250.87,0,1,AAPL
2026-01-29 00:00:00-05:00,257.29964922744847,258.94516415300217,253.7193980705993,257.5788879394531,67253000,0.0,0.0,0.11,252.52,0,1,AAPL
2026-01-30 00:00:00-05:00,254.4773517832236,261.1890792690021,251.4954625126288,258.7756652832031,92443400,0.0,0.0,1.69,254.2,0,1,AAPL
2026-02-02 00:00:00-05:00,259.3241487899344,269.7557466562268,258.50636737104884,269.2770690917969,73913400,0.0,0.0,3.84,257.29,1,1,AAPL
2026-02-03 00:00:00-05:00,268.4692659190308,271.1419837262723,266.88355520832346,268.7485046386719,64394700,0.0,0.0,0.1,260.34,0,1,AAPL
2026-02-04 00:00:00-05:00,271.5508302866565,278.19275421850585,271.5508302866565,275.7394104003906,90545700,0.0,0.0,1.54,263.35,0,1,AAPL
2026-02-05 00:00:00-05:00,277.3749854862336,278.7412615768201,272.48829324857786,275.1610107421875,52977400,0.0,0.0,-0.8,265.86,0,1,AAPL
2026-02-06 00:00:00-05:00,276.3677353153735,280.14745564173626,276.1782486476445,277.3650207519531,50453400,0.0,0.0,0.36,268.95,0,1,AAPL
2026-02-09 00:00:00-05:00,277.41494619870406,277.70443813431814,271.2160169672847,274.1307983398437,44623400,0.26,0.0,-1.18,271.31,0,1,AAPL
2026-02-10 00:00:00-05:00,274.4003102195724,274.87943562430115,272.4537718732244,273.19244384765625,34376900,0.0,0.0,-0.44,273.37,0,0,AAPL
2026-02-11 00:00:00-05:00,274.2106536370846,279.6808719096702,273.9610989943363,275.0092163085937,51931300,0.0,0.0,0.29,274.19,0,1,AAPL
2026-02-12 00:00:00-05:00,275.0990906441112,275.22886395053104,259.7165366668213,261.2637939453125,81077200,0.0,0.0,-5.03,273.12,0,0,AAPL
2026-02-13 00:00:00-05:00,261.5432690161623,261.7628783299504,254.9949421084194,255.3243560791016,56290700,0.0,0.0,-2.38,270.21,0,0,AAPL
2026-02-17 00:00:00-05:00,257.5903108294174,265.8156532326085,255.08478749757865,263.4099426269531,58469100,0.0,0.0,2.26,268.53,1,0,AAPL
2026-02-18 00:00:00-05:00,263.1304558468116,266.3447212846438,261.9825104325609,263.8791198730469,34203300,0.0,0.0,0.28,266.6,0,0,AAPL
2026-02-19 00:00:00-05:00,262.1322047157328,264.00886051677537,259.5867290635135,260.11578369140625,30845300,0.0,0.0,-0.77,264.6,0,0,AAPL
2026-02-20 00:00:00-05:00,258.50868117461044,264.2783836675007,257.7001265171608,264.1086730957031,42070500,0.0,0.0,2.17,263.3,1,1,AAPL
2026-02-23 00:00:00-05:00,263.0206001676805,268.95002088588865,262.91081074777924,265.705810546875,37308200,0.0,0.0,1.02,261.97,0,1,AAPL
2026-02-24 00:00:00-05:00,267.38283777638213,274.4003442568012,267.233111068832,271.6552429199219,47014600,0.0,0.0,1.6,263.46,0,1,AAPL
2026-02-25 00:00:00-05:00,271.29586819299504,274.45024283739696,270.567157599074,273.74151611328125,33714300,0.0,0.0,0.9,266.09,0,1,AAPL
2026-02-26 00:00:00-05:00,274.4602128097023,275.61811956353745,270.3175813011377,272.4637756347656,32345100,0.0,0.0,-0.73,267.38,0,1,AAPL
2026-02-27 00:00:00-05:00,272.3240124520744,272.3240124520744,262.4217010495403,263.7093811035156,72366500,0.0,0.0,-3.16,267.36,0,0,AAPL
2026-03-02 00:00:00-05:00,261.94253069595567,266.0551862059976,259.73647625260065,264.2484130859375,41827900,0.0,0.0,0.88,267.95,0,0,AAPL
2026-03-03 00:00:00-05:00,263.0106738027697,265.08695529305965,259.6666350681776,263.2801818847656,38568900,0.0,0.0,0.1,267.83,0,0,AAPL
2026-03-04 00:00:00-05:00,264.17854815272653,265.67587606267574,260.9543215497597,262.0523376464844,39803100,0.0,0.0,-0.8,267.31,0,0,AAPL
2026-03-05 00:00:00-05:00,260.3254337562426,261.09405110124777,256.79173142961054,259.8263244628906,49658600,0.0,0.0,-0.19,265.62,0,0,AAPL
2026-03-06 00:00:00-05:00,258.16927189629365,258.3090066542827,253.916851068475,257.0013427734375,41120000,0.0,0.0,-0.45,263.23,0,0,AAPL
2026-03-09 00:00:00-04:00,255.2345148744848,260.68477987096253,253.2280857512349,259.41705322265625,38218500,0.0,0.0,1.64,261.36,0,0,AAPL
2026-03-10 00:00:00-04:00,257.19102845716964,262.01244158439727,256.4922936817907,260.3653564453125,30590800,0.0,0.0,1.23,260.88,0,0,AAPL
2026-03-11 00:00:00-04:00,260.62486739620806,261.6630231774062,259.08760235948154,260.3453674316406,26218900,0.0,0.0,-0.11,260.33,0,1,AAPL
2026-03-12 00:00:00-04:00,258.1992253881205,258.48871731031414,253.72719511663237,255.30438232421875,40794000,0.0,0.0,-1.12,259.19,0,0,AAPL
2026-03-13 00:00:00-04:00,255.024890934378,255.87336762960535,249.0755164384504,249.6744384765625,36930000,0.0,0.0,-2.1,257.42,0,0,AAPL
2026-03-16 00:00:00-04:00,251.66090222791988,253.43773019062647,249.4348789230203,252.36964416503903,32074200,0.0,0.0,0.28,256.35,0,0,AAPL
2026-03-17 00:00:00-04:00,252.5093881906664,254.67552076289968,251.7307636559193,253.7771148681641,32361600,0.0,0.0,0.5,255.89,0,0,AAPL
2026-03-18 00:00:00-04:00,252.1799767808244,254.48585937367065,248.5564382882904,249.4947662353516,35757900,0.0,0.0,-1.06,254.48,0,0,AAPL
2026-03-19 00:00:00-04:00,248.95572868612365,251.3814079598573,246.85947863088072,248.5165252685547,34864100,0.0,0.0,-0.18,252.78,0,0,AAPL
2026-03-20 00:00:00-04:00,247.53824109812177,248.75606899357115,245.56177255944445,247.54823303222656,88331100,0.0,0.0,0.0,250.96,0,0,AAPL
2026-03-23 00:00:00-04:00,253.51758537106093,254.1464679788293,249.83415620831627,251.04200744628903,40546100,0.0,0.0,-0.98,250.35,0,1,AAPL
2026-03-24 00:00:00-04:00,249.9040313986812,254.3760464402864,249.10545347620703,251.1917266845703,45152300,0.0,0.0,0.52,250.56,0,1,AAPL
2026-03-25 00:00:00-04:00,253.6473574345128,254.5457480998694,251.15181088451408,252.16998291015625,28476700,0.0,0.0,-0.58,250.53,0,1,AAPL
2026-03-26 00:00:00-04:00,251.67088153367663,256.5421934269488,250.32329549316128,252.43951416015625,41796700,0.0,0.0,0.31,250.34,0,1,AAPL
2026-03-27 00:00:00-04:00,253.4477020992108,255.03488128462607,247.6281009352486,248.35679626464844,47900000,0.0,0.0,-2.01,250.18,0,0,AAPL
2026-03-30 00:00:00-04:00,249.62453299565456,250.4230956915925,245.07264337813007,246.19065856933597,39446200,0.0,0.0,-1.38,249.85,0,0,AAPL
2026-03-31 00:00:00-04:00,247.46837564153284,255.02488248828536,246.65982101631488,253.337890625,49598100,0.0,0.0,2.37,250.68,1,1,AAPL
2026-04-01 00:00:00-04:00,253.62737973002484,255.7236296181179,252.8787157917901,255.17462158203125,40059400,0.0,0.0,0.61,251.27,0,1,AAPL
2026-04-02 00:00:00-04:00,253.7471740568136,255.6737439434535,250.20349485503917,255.464111328125,31289400,0.0,0.0,0.68,251.88,0,1,AAPL
2026-04-06 00:00:00-04:00,256.053045051996,261.6929736576745,256.003115847535,258.3988342285156,29329900,0.0,0.0,0.92,252.77,0,1,AAPL
2026-04-07 00:00:00-04:00,255.7036812801697,255.7436185540334,245.2623079794448,253.0484161376953,62148000,0.0,0.0,-1.04,252.85,0,1,AAPL
2026-04-08 00:00:00-04:00,257.98960165960847,259.2872736156141,256.0730086009651,258.43878173828125,41032800,0.0,0.0,0.17,254.29,0,1,AAPL
2026-04-09 00:00:00-04:00,258.5386040524215,260.6548225010532,255.6138310165902,260.02593994140625,28121600,0.0,0.0,0.58,256.27,0,1,AAPL
2026-04-10 00:00:00-04:00,259.5168819122501,261.7229364827484,258.5585701252562,260.0159912109375,31291500,0.0,0.0,0.19,257.22,0,1,AAPL
2026-04-13 00:00:00-04:00,259.2673359057164,259.71651601158027,256.2027973984465,258.73828125,36234700,0.0,0.0,-0.2,257.73,0,1,AAPL
2026-04-14 00:00:00-04:00,258.7881616833941,261.4633801130582,256.73183388682423,258.368896484375,48370700,0.0,0.0,-0.16,258.15,0,1,AAPL
2026-04-15 00:00:00-04:00,257.7001261657452,266.08515659729386,257.35074355126085,265.95538330078125,49913500,0.0,0.0,3.2,259.23,1,1,AAPL
2026-04-16 00:00:00-04:00,266.3246925362851,266.6840670491935,260.804545264895,262.9307556152344,43323100,0.0,0.0,-1.27,260.64,0,1,AAPL
2026-04-17 00:00:00-04:00,266.4844323486072,271.8149160854778,266.24486962975914,269.7486267089844,61436200,0.0,0.0,1.22,262.25,0,1,AAPL
2026-04-20 00:00:00-04:00,269.84841238867654,273.7913879220191,269.80850557942483,272.5635681152344,36590200,0.0,0.0,1.01,264.05,0,1,AAPL
2026-04-21 00:00:00-04:00,271.0163536236942,272.3140256362382,264.9272139873882,265.69586181640625,50209800,0.0,0.0,-1.96,264.86,0,1,AAPL
2026-04-22 00:00:00-04:00,267.3429346055621,273.2523721409737,266.39461467279705,272.68341064453125,43249200,0.0,0.0,2.0,266.85,0,1,AAPL
2026-04-23 00:00:00-04:00,274.56001085217736,275.2787294551341,271.1660737405759,272.9429016113281,33399600,0.0,0.0,-0.59,268.93,0,1,AAPL
2026-04-24 00:00:00-04:00,272.2741016414235,272.5735550213531,269.16962610782736,270.5771179199219,38157100,0.0,0.0,-0.62,269.59,0,1,AAPL
2026-04-27 00:00:00-04:00,265.6159889280984,267.88193422863776,264.59781690250213,267.1332702636719,41466800,0.0,0.0,0.57,270.19,0,0,AAPL
2026-04-28 00:00:00-04:00,271.8548539018017,272.7432830913257,268.181416710472,270.2277526855469,40018900,0.0,0.0,-0.6,270.26,0,0,AAPL
2026-04-29 00:00:00-04:00,267.07336249706583,270.5571659728108,266.56429174844374,269.688720703125,30047900,0.0,0.0,0.98,269.85,0,0,AAPL
2026-04-30 00:00:00-04:00,270.018146234023,275.50834883767226,267.6623648300734,270.8666381835937,91848200,0.0,0.0,0.31,270.59,0,1,AAPL
2026-05-01 00:00:00-04:00,278.36321169794013,286.7083346607987,277.87409435408995,279.6409606933594,79915400,0.0,0.0,0.46,271.58,0,1,AAPL
2026-05-04 00:00:00-04:00,279.16182884121525,280.13010214166496,274.3703610857382,276.3368530273437,46668400,0.0,0.0,-1.01,272.07,0,1,AAPL
2026-05-05 00:00:00-04:00,276.43668191704,284.0630869835518,276.00745521106614,283.6737670898437,49311700,0.0,0.0,2.62,273.94,1,1,AAPL
2026-05-06 00:00:00-04:00,281.4177950537395,287.5168959460148,280.5693031693742,286.9978332519531,58336100,0.0,0.0,1.98,276.78,0,1,AAPL
2026-05-07 00:00:00-04:00,288.7546745760609,291.60959552514373,285.2709015174152,286.9279479980469,45224300,0.0,0.0,-0.63,279.16,0,1,AAPL
2026-05-08 00:00:00-04:00,289.49338424193445,294.2349225642168,289.48339230776435,292.7974853515625,52692800,0.0,0.0,1.14,282.46,0,1,AAPL
2026-05-11 00:00:00-04:00,291.72841688276577,293.6267735875138,289.979924827367,292.42779541015625,42247300,0.27,0.0,0.24,285.54,0,1,AAPL
2026-05-12 00:00:00-04:00,292.3078994315659,295.0155556946294,292.3078994315659,294.54595947265625,45748100,0.0,0.0,0.77,287.67,0,1,AAPL
2026-05-13 00:00:00-04:00,293.24708951115105,300.6607090744109,293.24708951115105,298.6124572753906,52684300,0.0,0.0,1.83,290.85,0,1,AAPL
2026-05-14 00:00:00-04:00,299.5616620172475,300.1911240450107,295.12548538387824,297.9530334472656,35324900,0.0,0.0,-0.54,292.89,0,1,AAPL
2026-05-15 00:00:00-04:00,297.643304079477,302.93875555297063,296.26448829773227,299.9713134765625,54862800,0.0,0.0,0.78,294.75,0,1,AAPL
2026-05-18 00:00:00-04:00,299.98126929450746,300.4009207908792,294.6558756451712,297.5833435058594,34483000,0.0,0.0,-0.8,296.27,0,1,AAPL
2026-05-19 00:00:00-04:00,296.7140952726279,300.2510533099592,296.09463441963413,298.7123718261719,42243600,0.0,0.0,0.67,297.12,0,1,AAPL
2026-05-20 00:00:00-04:00,297.9230626302997,302.5390768782648,297.82314269813475,301.98956298828125,38229800,0.0,0.0,1.36,298.48,0,1,AAPL
2026-05-21 00:00:00-04:00,300.80056674721834,305.27671719779084,300.1411318265125,304.7271728515625,42965100,0.0,0.0,1.31,299.94,0,1,AAPL
2026-05-22 00:00:00-04:00,305.85620846339293,311.13165741506583,305.5764509618376,308.55389404296875,43670200,0.0,0.0,0.88,301.36,0,1,AAPL
2026-05-26 00:00:00-04:00,309.2932516306072,311.5513139598484,307.4048960873393,308.0643005371094,48000500,0.0,0.0,-0.4,302.8,0,1,AAPL
2026-05-27 00:00:00-04:00,308.0643052358437,312.9900803339556,308.0343323058515,310.5821533203125,50430900,0.0,0.0,0.82,304.32,0,1,AAPL
2026-05-28 00:00:00-04:00,310.412282475935,312.5304508120942,309.30325358892543,312.24072265625,48220400,0.0,0.0,0.59,306.41,0,1,AAPL
2026-05-29 00:00:00-04:00,311.5113496628706,314.7285763294451,309.2632884033746,311.7911071777344,70026800,0.0,0.0,0.09,308.28,0,1,AAPL
2026-06-01 00:00:00-04:00,309.363197507879,310.6720662449624,304.7571540774977,306.0460510253906,48849900,0.0,0.0,-1.07,308.86,0,0,AAPL
2026-06-02 00:00:00-04:00,307.1950545511415,315.1781903378333,306.42572903356995,314.92840576171875,44534700,0.0,0.0,2.52,310.32,1,1,AAPL
2026-06-03 00:00:00-04:00,313.9092501546009,316.6668815001487,308.5838566628498,309.9926452636719,50836700,0.0,0.0,-1.25,310.52,0,0,AAPL
2026-06-04 00:00:00-04:00,312.96009909963743,313.26982953176514,309.3831669286496,310.9618225097656,44869100,0.0,0.0,-0.64,310.93,0,1,AAPL
2026-06-05 00:00:00-04:00,312.5903972939029,314.8984348439246,306.8853260765596,307.0751647949219,65310500,0.0,0.0,-1.76,310.43,0,0,AAPL
2026-06-08 00:00:00-04:00,308.4739595974908,317.1265012321255,300.9105055796523,301.2801818847656,77949100,0.0,0.0,-2.33,308.87,0,0,AAPL
2026-06-09 00:00:00-04:00,300.0212482417878,300.4908444635933,287.5320194610898,290.29962158203125,70108800,0.0,0.0,-3.24,305.8,0,0,AAPL
2026-06-10 00:00:00-04:00,290.4894628291428,294.4960172141002,287.1323727394638,291.3287353515625,52793300,0.0,0.0,0.29,303.7,0,0,AAPL
2026-06-11 00:00:00-04:00,293.4668864344149,296.7440586571729,289.3404406054596,295.375244140625,42572500,0.0,0.0,0.65,300.9,0,0,AAPL
2026-06-12 00:00:00-04:00,295.7749221682621,296.88398158337014,289.3704417369658,290.879150390625,38742100,0.0,0.0,-1.66,298.17,0,0,AAPL
2026-06-15 00:00:00-04:00,293.8665449684006,297.5233947188816,291.4486474146935,296.1645812988281,45732600,0.0,0.0,0.78,296.06,0,1,AAPL
2026-06-16 00:00:00-04:00,294.99559499590845,300.2210994929347,293.71669913987887,298.9821472167969,39874400,0.0,0.0,1.35,294.9,0,1,AAPL
2026-06-17 00:00:00-04:00,300.59074812548096,301.8096980081642,294.10632015937927,295.6949768066406,42745100,0.0,0.0,-1.63,294.1,0,1,AAPL
2026-06-18 00:00:00-04:00,297.8530937792582,300.31099586682666,295.3652492546472,297.7532043457031,85962200,0.0,0.0,-0.03,295.17,0,1,AAPL
2026-06-22 00:00:00-04:00,297.05381866220307,302.1594314563154,296.5043047694293,296.75408935546875,44879900,0.0,0.0,-0.1,295.94,0,1,AAPL
2026-06-23 00:00:00-04:00,297.2836155142734,301.3800886038737,293.9264950024863,294.04638671875,52010900,0.0,0.0,-1.09,295.75,0,0,AAPL
2026-06-24 00:00:00-04:00,295.1054570720635,299.4417438827621,292.68755959702736,292.8274230957031,53081900,0.0,0.0,-0.77,296.03,0,0,AAPL
2026-06-25 00:00:00-04:00,287.1523472601469,288.55113481081804,273.5141152813601,274.91290283203125,107013700,0.0,0.0,-4.26,293.0,0,0,AAPL
2026-06-26 00:00:00-04:00,274.7630284991681,285.70360492137456,273.9737007161028,283.53546142578125,261775500,0.0,0.0,3.19,290.79,1,0,AAPL
2026-06-29 00:00:00-04:00,286.4829438934296,288.12151489662153,279.6088673150861,281.4972229003906,66427000,0.0,0.0,-1.74,288.76,0,0,AAPL
2026-06-30 00:00:00-04:00,280.9277417485351,289.69017405322865,280.45814550695326,289.11065673828125,65100200,0.0,0.0,2.91,287.53,1,1,AAPL
2026-07-01 00:00:00-04:00,293.1871503157195,296.33442991747245,288.95081360688545,294.1263427734375,50164200,0.0,0.0,0.32,287.15,0,1,AAPL
2026-07-02 00:00:00-04:00,293.866538367699,309.15337194761725,293.4269150966668,308.3640441894531,75352800,0.0,0.0,4.93,289.2,1,1,AAPL
2026-07-06 00:00:00-04:00,307.0951430290638,313.9292760509671,306.7354678654279,312.3905944824219,53590000,0.0,0.0,1.72,291.99,0,1,AAPL
2026-07-07 00:00:00-04:00,315.0183186077797,315.2081573213481,309.88273318392555,310.3923034667969,42490000,0.0,0.0,-1.47,297.06,0,1,AAPL
2026-07-08 00:00:00-04:00,311.6412289475945,314.5487250421545,306.7854009831778,313.1199645996094,41323500,0.0,0.0,0.47,301.29,0,1,AAPL
2026-07-09 00:00:00-04:00,310.24243869469103,316.2572401947346,307.8944576262147,315.947509765625,48124500,0.0,0.0,1.84,306.21,0,1,AAPL
2026-07-10 00:00:00-04:00,314.4488202226986,316.6369356310425,311.9010296470402,315.0483093261719,34132300,0.0,0.0,0.19,309.91,0,1,AAPL
2026-07-13 00:00:00-04:00,316.7468014245228,323.171283634363,315.5078797345754,317.0365600585937,43257800,0.0,0.0,0.09,313.19,0,1,AAPL
2026-07-14 00:00:00-04:00,313.48965629761443,315.91755515351207,311.64124426456783,314.58868408203125,36336800,0.0,0.0,0.35,314.07,0,1,AAPL
2026-07-15 00:00:00-04:00,317.34631234952286,328.44675508114506,317.0465830462295,327.2178039550781,60957600,0.0,0.0,3.11,316.19,1,1,AAPL
2026-07-16 00:00:00-04:00,327.72736328456057,334.3915986652446,326.50841333986017,332.97283935546875,62970600,0.0,0.0,1.6,319.42,0,1,AAPL
2026-07-17 00:00:00-04:00,331.693929977533,334.7013154010385,328.7164869908464,333.452392578125,63407100,0.0,0.0,0.53,322.32,0,1,AAPL
2026-07-20 00:00:00-04:00,333.2226134619852,333.4224228207836,323.4010672140761,326.3085632324219,53468000,0.0,0.0,-2.07,323.8,0,1,AAPL
2026-07-21 00:00:00-04:00,322.85156758462244,329.3159936819017,321.94234806189104,327.45758056640625,41338900,0.0,0.0,1.43,325.58,0,1,AAPL
2026-07-22 00:00:00-04:00,327.58746619388995,328.7164973399543,323.0613709608057,325.60919189453125,38755900,0.0,0.0,-0.6,326.8,0,0,AAPL
2026-07-23 00:00:00-04:00,321.4527900194849,323.0214140443725,319.0748358849152,321.3828430175781,40840800,0.0,0.0,-0.02,327.77,0,0,AAPL
2026-07-24 00:00:00-04:00,321.5127284115298,334.0818750563203,321.3428614810286,332.7330322265625,47489400,0.0,0.0,3.49,328.56,1,1,AAPL
2026-07-27 00:00:00-04:00,334.2517370375488,339.277401491225,333.73216560461384,336.61968994140625,49604300,0.0,0.0,0.71,329.08,0,1,AAPL
2026-07-28 00:00:00-04:00,339.73698155301014,342.59453283396704,335.31080637618777,339.78692626953125,51859000,0.0,0.0,0.01,329.99,0,1,AAPL
2026-07-29 00:00:00-04:00,339.43727163464206,344.2730974331505,337.0593175600121,337.8985900878906,56090800,0.0,0.0,-0.45,331.64,0,1,AAPL
2026-07-30 00:00:00-04:00,332.8129674612056,334.4615395264105,329.30598233808786,333.1426696777344,74817800,0.0,0.0,0.1,332.45,0,1,AAPL
2026-07-31 00:00:00-04:00,304.5473560391476,310.4222943774597,299.7415030462749,308.6438293457031,132489100,0.0,0.0,1.35,330.03,0,0,AAPL
2026-08-03 00:00:00-04:00,309.313234694189,311.5313230344714,302.29929450581176,303.1585693359375,75052000,0.0,0.0,-1.99,327.43,0,0,AAPL
2026-08-04 00:00:00-04:00,302.46913991298527,310.1525156602479,301.0603512911937,309.1134033203125,68001000,0.0,0.0,2.2,324.05,1,0,AAPL
2026-08-05 00:00:00-04:00,309.09342362565195,311.4414048335362,305.406631186344,310.7320251464844,49438800,0.0,0.0,0.53,320.35,0,0,AAPL
2026-08-06 00:00:00-04:00,314.06913775687,316.0174696892129,308.96355554648414,312.14080810546875,46139900,0.0,0.0,-0.61,316.4,0,0,AAPL
2026-08-07 00:00:00-04:00,311.1816431226555,314.53873325457766,310.47223295908327,313.0599975585937,34437200,0.0,0.0,0.6,312.86,0,1,AAPL
2026-08-10 00:00:00-04:00,306.8299865722656,308.260009765625,304.6099853515625,308.260009765625,44812500,0.27,0.0,0.47,309.3,0,0,AAPL
2026-08-11 00:00:00-04:00,307.75,309.9700012207031,302.7900085449219,304.9100036621094,37476700,0.0,0.0,-0.92,308.77,0,0,AAPL
2026-08-12 00:00:00-04:00,305.1000061035156,305.6600036621094,300.57000732421875,302.25,41657800,0.0,0.0,-0.93,308.64,0,0,AAPL
2026-08-13 00:00:00-04:00,304.2099914550781,306.0,302.04998779296875,305.260009765625,40349300,0.0,0.0,0.35,308.09,0,0,AAPL
2026-08-14 00:00:00-04:00,306.0,307.489990234375,304.29998779296875,305.92999267578125,28229400,0.0,0.0,-0.02,307.4,0,0,AAPL
2026-08-17 00:00:00-04:00,306.2099914550781,307.6600036621094,302.94000244140625,305.5899963378906,38169300,0.0,0.0,-0.2,306.47,0,0,AAPL
2026-08-18 00:00:00-04:00,307.5799865722656,311.489990234375,305.739990234375,310.0299987792969,53424500,0.0,0.0,0.8,306.03,0,1,AAPL
2026-08-19 00:00:00-04:00,310.1400146484375,319.2799987792969,309.6000061035156,316.8299865722656,50505600,0.0,0.0,2.16,307.26,1,1,AAPL
2026-08-20 00:00:00-04:00,317.4599914550781,320.2799987792969,310.6499938964844,311.29998779296875,40959200,0.0,0.0,-1.94,308.17,0,1,AAPL
2026-08-21 00:00:00-04:00,312.04998779296875,312.3800048828125,307.010009765625,309.3500061035156,46876800,0.0,0.0,-0.87,309.18,0,1,AAPL
2026-08-24 00:00:00-04:00,311.4700012207031,313.3599853515625,309.9700012207031,310.3399963378906,34673600,0.0,0.0,-0.36,309.91,0,1,AAPL
2026-08-25 00:00:00-04:00,310.7900085449219,313.5899963378906,308.2099914550781,309.8999938964844,25869800,0.0,0.0,-0.29,310.48,0,0,AAPL
2026-08-26 00:00:00-04:00,310.29998779296875,315.42999267578125,308.79998779296875,313.45001220703125,34024500,0.0,0.0,1.02,311.6,0,1,AAPL
2026-08-27 00:00:00-04:00,310.54998779296875,315.3999938964844,309.3999938964844,314.5799865722656,32419200,0.0,0.0,1.3,312.25,0,1,AAPL
2026-08-28 00:00:00-04:00,316.8500061035156,322.3699951171875,315.45001220703125,319.70001220703125,38649400,0.0,0.0,0.9,312.66,0,1,AAPL
2026-08-31 00:00:00-04:00,319.6000061035156,321.239990234375,312.79998779296875,316.8500061035156,41242700,0.0,0.0,-0.86,313.45,0,1,AAPL
2026-09-01 00:00:00-04:00,316.9800109863281,327.29998779296875,314.7300109863281,325.1300048828125,53167400,0.0,0.0,2.57,315.71,1,1,AAPL
2026-09-02 00:00:00-04:00,326.8699951171875,328.3999938964844,323.5299987792969,324.9599914550781,33776400,0.0,0.0,-0.58,317.8,0,1,AAPL
2026-09-03 00:00:00-04:00,324.8699951171875,330.8099975585937,324.1099853515625,328.2099914550781,37225800,0.0,0.0,1.03,320.41,0,1,AAPL
2026-09-04 00:00:00-04:00,328.3099975585937,328.92999267578125,317.8599853515625,319.9700012207031,39606900,0.0,0.0,-2.54,321.34,0,0,AAPL
2026-09-08 00:00:00-04:00,317.1000061035156,320.70001220703125,314.8999938964844,316.2200012207031,35477100,0.0,0.0,-0.28,321.58,0,0,AAPL
2026-09-09 00:00:00-04:00,315.489990234375,319.1499938964844,309.8999938964844,315.3399963378906,65640000,0.0,0.0,-0.05,320.95,0,0,AAPL
2026-09-10 00:00:00-04:00,316.6700134277344,326.739990234375,316.510009765625,326.57000732421875,70011900,0.0,0.0,3.13,322.34,1,1,AAPL
2026-09-11 00:00:00-04:00,327.45001220703125,336.2200012207031,326.29998779296875,332.2699890136719,50716900,0.0,0.0,1.47,323.36,0,1,AAPL
2026-09-14 00:00:00-04:00,334.7900085449219,335.5,331.3399963378906,333.0799865722656,39269100,0.0,0.0,-0.51,324.52,0,1,AAPL
2026-09-15 00:00:00-04:00,330.1400146484375,331.7799987792969,328.3500061035156,331.3399963378906,31748200,0.0,0.0,0.36,324.97,0,1,AAPL
2026-09-16 00:00:00-04:00,332.5299987792969,335.4800109863281,330.70001220703125,332.4100036621094,35920400,0.0,0.0,-0.04,326.75,0,1,AAPL
2025-09-17 00:00:00-04:00,250.56837026682,250.94738946798665,245.64118152849247,248.88275146484372,34108000,0.0,0.0,-0.67,248.88,0,1,GOOGL
2025-09-18 00:00:00-04:00,251.0271682452624,253.33118919660149,249.15205506430715,251.3762664794922,31239500,0.0,0.0,0.14,250.13,0,1,GOOGL
2025-09-19 00:00:00-04:00,252.5930922260568,255.33595897283527,251.1568250217611,254.0592803955078,55571400,0.0,0.0,0.58,251.44,0,1,GOOGL
2025-09-22 00:00:00-04:00,253.7700350469374,255.11653941381564,249.6507580677981,251.87496948242188,32290500,0.0,0.0,-0.75,251.55,0,1,GOOGL
2025-09-23 00:00:00-04:00,252.38362744671,253.7002107757565,249.8302703204236,251.00721740722656,26628000,0.0,0.0,-0.55,251.44,0,0,GOOGL
2025-09-24 00:00:00-04:00,251.00722705371743,251.69543970951247,245.80076590550527,246.4989471435547,28201000,0.0,0.0,-1.8,250.62,0,0,GOOGL
2025-09-25 00:00:00-04:00,243.76604145127703,245.8506317386469,240.1155467413105,245.1524353027344,31020400,0.0,0.0,0.57,249.84,0,0,GOOGL
2025-09-26 00:00:00-04:00,246.4291213887164,248.77301648715127,245.33196864020064,245.9004821777344,18503200,0.0,0.0,-0.21,249.41,0,0,GOOGL
2025-09-29 00:00:00-04:00,247.2071078925349,250.49853584610037,242.14028307987252,243.41696166992188,32505800,0.0,0.0,-1.53,248.27,0,0,GOOGL
2025-09-30 00:00:00-04:00,242.18018034462705,242.6589310263489,238.6294169517045,242.4694366455078,34724300,0.0,0.0,0.12,246.62,0,0,GOOGL
2025-10-01 00:00:00-04:00,240.12551089529904,245.66111761710096,237.9910625183314,244.2647399902344,31658200,0.0,0.0,1.72,245.53,0,0,GOOGL
2025-10-02 00:00:00-04:00,244.51411127313983,246.1698091326398,241.6715128807893,245.0527191162109,25483300,0.0,0.0,0.22,244.68,0,1,GOOGL
2025-10-03 00:00:00-04:00,243.8558074699024,245.661109961835,241.0331465588312,244.7135772705078,30249600,0.0,0.0,0.35,244.42,0,1,GOOGL
2025-10-06 00:00:00-04:00,244.14505728413704,250.6681015230512,243.94557911341744,249.7803955078125,28894700,0.0,0.0,2.31,245.09,1,1,GOOGL
2025-10-07 00:00:00-04:00,247.62601181924765,249.7903811872092,244.88314509840285,245.1225128173828,23181300,0.0,0.0,-1.01,244.97,0,1,GOOGL
2025-10-08 00:00:00-04:00,244.3246032710778,245.37186749350337,243.18756093367097,243.9854736328125,21307100,0.0,0.0,-0.14,245.06,0,0,GOOGL
2025-10-09 00:00:00-04:00,243.8358644557508,244.12510552114733,238.5296568297252,240.9034881591797,27892100,0.0,0.0,-1.2,244.83,0,0,GOOGL
2025-10-10 00:00:00-04:00,240.8037387238312,243.45684250665408,235.2282424787384,235.95635986328125,33180300,0.0,0.0,-2.01,243.64,0,0,GOOGL
2025-10-13 00:00:00-04:00,239.58694087972825,243.865806618421,239.08823779870892,243.51670837402344,24995000,0.0,0.0,1.64,243.43,0,1,GOOGL
2025-10-14 00:00:00-04:00,240.60426901896764,246.47899033376285,239.88613541009548,244.81332397460935,22111600,0.0,0.0,1.75,243.44,0,1,GOOGL
2025-10-15 00:00:00-04:00,246.6086665065597,251.45606092411225,245.35194025727196,250.3788604736328,27007700,0.0,0.0,1.53,243.53,0,1,GOOGL
2025-10-16 00:00:00-04:00,251.11691742955023,256.2934418791717,249.45125120568704,250.80772399902344,27997200,0.0,0.0,-0.12,244.34,0,1,GOOGL
2025-10-17 00:00:00-04:00,250.10953966399788,253.5605713492617,247.16719481275436,252.64295959472656,29671600,0.0,0.0,1.01,245.57,0,1,GOOGL
2025-10-20 00:00:00-04:00,254.0293607582065,256.6624970209002,253.57054725807689,255.884521484375,22350200,0.0,0.0,0.73,247.71,0,1,GOOGL
2025-10-21 00:00:00-04:00,254.07923005269296,254.2188662949897,243.5166881090968,249.81033325195312,47312100,0.0,0.0,-1.68,249.69,0,1,GOOGL
2025-10-22 00:00:00-04:00,253.710180894347,255.69500926260116,248.6433561577788,251.03713989257807,35029400,0.0,0.0,-1.05,250.77,0,1,GOOGL
2025-10-23 00:00:00-04:00,252.32377625733005,254.37843026888703,251.19671777887123,252.42352294921875,19901400,0.0,0.0,0.04,251.86,0,1,GOOGL
2025-10-24 00:00:00-04:00,255.9144557753844,261.0012332121926,254.65774472843228,259.2458190917969,28655100,0.0,0.0,1.3,253.12,0,1,GOOGL
2025-10-27 00:00:00-04:00,264.13306424820985,269.43927147389144,263.5944564854066,268.5715026855469,35235200,0.0,0.0,1.68,255.66,0,1,GOOGL
2025-10-28 00:00:00-04:00,268.9904881616853,270.0277991619388,265.80875985814066,266.7762451171875,29738600,0.0,0.0,-0.82,257.68,0,1,GOOGL
2025-10-29 00:00:00-04:00,267.05547147917497,274.6257797911847,266.97569238760303,273.8577880859375,43580300,0.0,0.0,2.55,260.25,1,1,GOOGL
2025-10-30 00:00:00-04:00,290.8336389163956,290.8336389163956,279.3335478851562,280.7498779296875,74876000,0.0,0.0,-3.47,264.67,0,1,GOOGL
2025-10-31 00:00:00-04:00,282.47538175038454,285.2581533777713,276.3114191679317,280.46063232421875,39267900,0.0,0.0,-0.71,268.87,0,1,GOOGL
2025-11-03 00:00:00-05:00,281.44802550171426,284.78934178113053,279.07419428639605,282.9840393066406,29786000,0.0,0.0,0.55,273.24,0,1,GOOGL
2025-11-04 00:00:00-05:00,276.03213953132416,280.5404041676455,275.5434202802167,276.8200988769531,30078400,0.0,0.0,0.29,275.75,0,1,GOOGL
2025-11-05 00:00:00-05:00,278.1466483880774,285.6770830892533,276.6206181949745,283.5725402832031,31010300,0.0,0.0,1.95,277.89,0,1,GOOGL
2025-11-06 00:00:00-05:00,284.58986519375543,287.60205105478576,280.41076169575746,284.0113830566406,37173600,0.0,0.0,-0.2,280.35,0,1,GOOGL
2025-11-07 00:00:00-05:00,282.4753634096288,283.04389217242976,274.47617771869056,278.1067199707031,34479600,0.0,0.0,-1.55,280.96,0,0,GOOGL
2025-11-10 00:00:00-05:00,283.6822445549795,290.0456696400176,282.1262631003564,289.3475036621094,29557300,0.0,0.0,2.0,282.19,0,1,GOOGL
2025-11-11 00:00:00-05:00,287.0035887304013,291.1627853205446,286.5747114373448,290.5543518066406,19842100,0.0,0.0,1.24,283.63,0,1,GOOGL
2025-11-12 00:00:00-05:00,290.9233873275988,291.2525483673142,282.9541227840324,285.9662780761719,24829900,0.0,0.0,-1.7,284.05,0,1,GOOGL
2025-11-13 00:00:00-05:00,281.60762197974475,282.1063250073575,276.5208450104115,277.847412109375,29494000,0.0,0.0,-1.34,284.2,0,0,GOOGL
2025-11-14 00:00:00-05:00,270.7059931829425,277.8374407083971,269.9978433748845,275.6930236816406,31647200,0.0,0.0,1.84,283.08,0,0,GOOGL
2025-11-17 00:00:00-05:00,285.0387085276487,293.1875295999499,282.8344496120376,284.2806701660156,52670200,0.0,0.0,-0.27,283.11,0,1,GOOGL
2025-11-18 00:00:00-05:00,287.17314441506005,288.0508361130442,277.4783570293678,283.5425720214844,49158700,0.0,0.0,-1.26,283.89,0,0,GOOGL
2025-11-19 00:00:00-05:00,286.41513772838755,303.0219431129204,285.8865137158777,292.05047607421875,68198900,0.0,0.0,1.97,284.28,0,1,GOOGL
2025-11-20 00:00:00-05:00,303.75007371618807,305.625202125324,287.921243180084,288.69921875,62025200,0.0,0.0,-4.96,284.01,0,1,GOOGL
2025-11-21 00:00:00-05:00,295.6511046778972,303.1316497984607,293.0877639113642,298.8826904296875,74137700,0.0,0.0,1.09,285.86,0,1,GOOGL
2025-11-24 00:00:00-05:00,310.3229443803346,318.651290855991,308.7969143651049,317.75360107421875,85165100,0.0,0.0,2.39,291.56,1,1,GOOGL
2025-11-25 00:00:00-05:00,325.3638169665917,327.9770159307299,316.82602366827604,322.6010131835937,88632100,0.0,0.0,-0.85,298.26,0,1,GOOGL
2025-11-26 00:00:00-05:00,319.8482042131112,323.658303098724,315.9683100285969,319.1201171875,51373400,0.0,0.0,-0.23,303.24,0,1,GOOGL
2025-11-28 00:00:00-05:00,322.5312152935296,326.0021995827445,315.9682963529555,319.3494873046875,26018600,0.0,0.0,-0.99,308.35,0,1,GOOGL
2025-12-01 00:00:00-05:00,316.8759202886677,319.02033724928003,313.07580560094704,314.0732116699219,41183000,0.0,0.0,-0.88,311.5,0,1,GOOGL
2025-12-02 00:00:00-05:00,315.9183945655828,317.554155160306,313.09574872951146,314.9908142089844,35854700,0.0,0.0,-0.29,315.25,0,0,GOOGL
2025-12-03 00:00:00-05:00,315.07061440214585,320.74582687116515,313.2852490348319,318.8009033203125,41838300,0.0,0.0,1.18,318.1,0,1,GOOGL
2025-12-04 00:00:00-05:00,321.3942008459266,321.5238380796439,313.8837336096964,316.796142578125,31240900,0.0,0.0,-1.43,317.96,0,0,GOOGL
2025-12-05 00:00:00-05:00,318.6612335259534,322.32172694260385,318.34208673882245,320.4366149902344,28851700,0.0,0.0,0.56,317.65,0,1,GOOGL
2025-12-08 00:00:00-05:00,319.42862865409404,319.81788611091974,310.61578500656543,313.1109313964844,33909400,0.21,0.0,-1.98,316.79,0,0,GOOGL
2025-12-09 00:00:00-05:00,311.7635388280278,317.3726229056239,311.2944500995635,316.4643859863281,30194000,0.0,0.0,1.51,316.38,0,1,GOOGL
2025-12-10 00:00:00-05:00,315.2168165746965,320.6861883612462,314.069055340672,319.5883178710937,33428900,0.0,0.0,1.39,317.17,0,1,GOOGL
2025-12-11 00:00:00-05:00,319.45853583973854,320.4965251579071,308.0008443067889,311.8233947753906,42353700,0.0,0.0,-2.39,316.72,0,0,GOOGL
2025-12-12 00:00:00-05:00,313.0909556884665,314.25866704717134,304.9667450846256,308.68951416015625,35940200,0.0,0.0,-1.41,315.27,0,0,GOOGL
2025-12-15 00:00:00-05:00,310.7155693717638,310.81538131016634,304.288070405232,307.62158203125,29151900,0.0,0.0,-1.0,313.96,0,0,GOOGL
2025-12-16 00:00:00-05:00,304.3579426322819,310.1666197797816,302.002508804578,305.97479248046875,30585000,0.0,0.0,0.53,311.9,0,0,GOOGL
2025-12-17 00:00:00-05:00,307.4120099511304,307.4918412298865,295.54507970361715,296.1439208984375,43930400,0.0,0.0,-3.67,309.47,0,0,GOOGL
2025-12-18 00:00:00-05:00,301.1342186567393,303.3698600006946,298.6490626821344,301.8727722167969,33518000,0.0,0.0,0.25,307.39,0,0,GOOGL
2025-12-19 00:00:00-05:00,301.1442091965169,306.65348128006514,300.3856749721532,306.56365966796875,59943200,0.0,0.0,1.8,305.53,0,1,GOOGL
2025-12-22 00:00:00-05:00,309.2783702904479,309.52788491338026,304.70724534166345,309.1785583496094,26429900,0.0,0.0,-0.03,305.15,0,1,GOOGL
2025-12-23 00:00:00-05:00,309.0288478780405,314.328535898872,308.7194521900694,313.7396850585937,25478700,0.0,0.0,1.52,305.87,0,1,GOOGL
2025-12-24 00:00:00-05:00,314.15883598568854,314.4682316573388,311.3143938726672,313.48016357421875,10097400,0.0,0.0,-0.22,306.71,0,1,GOOGL
2025-12-26 00:00:00-05:00,313.8694546536391,314.4782557314601,311.67371372407564,312.9013366699219,10899000,0.0,0.0,-0.31,307.7,0,1,GOOGL
2025-12-29 00:00:00-05:00,310.76548227407176,313.41033130955566,310.0169383701615,312.95123291015625,19621800,0.0,0.0,0.7,310.1,0,1,GOOGL
2025-12-30 00:00:00-05:00,311.8932765746258,316.3346490163796,311.85334570689247,313.2406616210937,17380900,0.0,0.0,0.43,311.72,0,1,GOOGL
2025-12-31 00:00:00-05:00,312.2426007868329,313.9692224596297,310.83533467851674,312.3923034667969,16377700,0.0,0.0,0.05,312.55,0,0,GOOGL
2026-01-02 00:00:00-05:00,316.28474944088583,321.8738834308866,309.72749743587605,314.53814697265625,32009400,0.0,0.0,-0.55,313.32,0,1,GOOGL
2026-01-05 00:00:00-05:00,317.0432968268774,318.4006418955826,314.01918050346546,315.92547607421875,30195600,0.0,0.0,-0.35,313.63,0,1,GOOGL
2026-01-06 00:00:00-05:00,315.7857038876524,320.3168980142969,311.17467848252585,313.7297058105469,31212100,0.0,0.0,-0.65,313.67,0,1,GOOGL
2026-01-07 00:00:00-05:00,313.7496277154789,325.5167449190081,313.5799748421341,321.3548583984375,35104400,0.0,0.0,2.42,314.88,1,1,GOOGL
2026-01-08 00:00:00-05:00,328.3313118537803,329.6786969446188,320.8758135066914,324.80816650390625,31896100,0.0,0.0,-1.07,316.57,0,1,GOOGL
2026-01-09 00:00:00-05:00,326.45496079982934,330.1876899539591,325.16745676828174,327.9320983886719,26214200,0.0,0.0,0.45,318.67,0,1,GOOGL
2026-01-12 00:00:00-05:00,325.16743586064183,333.3914583276215,324.3690012716118,331.2156677246094,33923900,0.0,0.0,1.86,321.36,0,1,GOOGL
2026-01-13 00:00:00-05:00,334.29970979162056,339.828932001794,332.9722749179122,335.3177185058594,33517600,0.0,0.0,0.3,324.33,0,1,GOOGL
2026-01-14 00:00:00-05:00,334.40950381083184,335.8666608024698,329.838408937521,335.18798828125,28525600,0.0,0.0,0.23,327.08,0,1,GOOGL
2026-01-15 00:00:00-05:00,336.9944202593897,337.03435112462023,330.0978329050398,332.1338806152344,28442400,0.0,0.0,-1.44,329.71,0,1,GOOGL
2026-01-16 00:00:00-05:00,333.7607557246461,334.00028002450074,327.0637915356931,329.3593139648437,40341600,0.0,0.0,-1.32,330.85,0,0,GOOGL
2026-01-20 00:00:00-05:00,320.2470363972373,327.0937337673917,319.80788820634325,321.3748474121094,35361000,0.0,0.0,0.35,330.36,0,0,GOOGL
2026-01-21 00:00:00-05:00,320.2969541162656,331.83450818795274,318.729994927537,327.7424621582031,35386600,0.0,0.0,2.32,330.33,1,0,GOOGL
2026-01-22 00:00:00-05:00,333.8006666576773,334.49928930997066,328.11172120927307,329.89825439453125,26253600,0.0,0.0,-1.17,330.14,0,0,GOOGL
2026-01-23 00:00:00-05:00,331.8444485977197,333.0421309365838,326.8142558744754,327.2933044433594,27280000,0.0,0.0,-1.37,329.0,0,0,GOOGL
2026-01-26 00:00:00-05:00,327.1735452193246,335.1879535299186,326.3651202937951,332.61297607421875,26042100,0.0,0.0,1.66,328.63,0,1,GOOGL
2026-01-27 00:00:00-05:00,334.71886692218493,337.2539439848537,332.8325522369338,333.90045166015625,21636200,0.0,0.0,-0.24,328.88,0,1,GOOGL
2026-01-28 00:00:00-05:00,335.40752623810386,336.8846637353836,331.2955302242731,335.3576354980469,27434400,0.0,0.0,-0.01,329.74,0,1,GOOGL
2026-01-29 00:00:00-05:00,339.6393000059441,341.62545715973704,325.9060355700189,337.5932922363281,39785600,0.0,0.0,-0.6,332.06,0,1,GOOGL
2026-01-30 00:00:00-05:00,339.33989756206086,339.33989756206086,331.64487488391205,337.3437805175781,31024000,0.0,0.0,-0.59,333.43,0,1,GOOGL
2026-02-02 00:00:00-05:00,335.56723722383623,344.160506471566,334.9783863513143,343.0227355957031,32006100,0.0,0.0,2.22,335.3,1,1,GOOGL
2026-02-03 00:00:00-05:00,346.66563680855586,348.322417578686,336.8148042563824,339.0504455566406,36506700,0.0,0.0,-2.2,336.98,0,1,GOOGL
2026-02-04 00:00:00-05:00,342.2941250868659,342.6434516437907,327.8821583120744,332.3934020996094,70618400,0.0,0.0,-2.89,336.95,0,0,GOOGL
2026-02-05 00:00:00-05:00,311.6137920773395,332.0440485608184,305.8649659981283,330.6068420410156,88205800,0.0,0.0,6.1,336.48,1,0,GOOGL
2026-02-06 00:00:00-05:00,326.54477434837446,329.7385737476322,319.2988903139048,322.233154296875,56380500,0.0,0.0,-1.32,334.61,0,0,GOOGL
2026-02-09 00:00:00-05:00,320.3069052195784,327.0637807183464,316.6440476026885,323.6903381347656,39640100,0.0,0.0,1.06,332.62,0,0,GOOGL
2026-02-10 00:00:00-05:00,320.3468306795893,321.0454837970353,313.9991629255859,317.9614562988281,39170000,0.0,0.0,-0.74,329.85,0,0,GOOGL
2026-02-11 00:00:00-05:00,318.3507205277581,320.43665913490463,309.0587983421378,310.35626220703125,45406400,0.0,0.0,-2.51,325.18,0,0,GOOGL
2026-02-12 00:00:00-05:00,311.4840518259579,315.6259882196205,306.603561940612,308.4000549316406,47761300,0.0,0.0,-0.99,320.81,0,0,GOOGL
2026-02-13 00:00:00-05:00,307.1325415821482,308.03078810659247,303.1203270701956,305.1264343261719,38499700,0.0,0.0,-0.65,316.91,0,0,GOOGL
2026-02-17 00:00:00-05:00,299.45745756709624,303.84890853372514,295.674807618098,301.43359375,39247600,0.0,0.0,0.66,312.74,0,0,GOOGL
2026-02-18 00:00:00-05:00,301.5035060024616,304.7871271852118,300.66514046909924,302.7410888671875,28482100,0.0,0.0,0.41,309.96,0,0,GOOGL
2026-02-19 00:00:00-05:00,301.23402488534225,304.87693233204385,299.4574819671566,302.26202392578125,25834400,0.0,0.0,0.34,306.9,0,0,GOOGL
2026-02-20 00:00:00-05:00,303.7291622459488,315.885507154404,303.30996428502766,314.36846923828125,53210800,0.0,0.0,3.5,306.38,1,1,GOOGL
2026-02-23 00:00:00-05:00,318.43054299285177,318.8996316925602,309.2683735389658,310.8852233886719,31423000,0.0,0.0,-2.37,306.46,0,1,GOOGL
2026-02-24 00:00:00-05:00,309.9171500893873,311.6637526652123,305.33606470265187,310.2964172363281,25615600,0.0,0.0,0.12,306.73,0,1,GOOGL
2026-02-25 00:00:00-05:00,311.45411503231185,313.03106442763067,308.83920678711326,312.29248046875,29963600,0.0,0.0,0.27,307.75,0,1,GOOGL
2026-02-26 00:00:00-05:00,312.0330622595087,312.5320915706006,301.7630305089056,306.78326416015625,36431200,0.0,0.0,-1.68,308.52,0,0,GOOGL
2026-02-27 00:00:00-05:00,303.5495233120643,311.7635251790807,303.21015662264614,311.1547241210937,44640600,0.0,0.0,2.51,309.72,1,1,GOOGL
2026-03-02 00:00:00-05:00,302.6412753457796,307.8910420913047,300.71499938521333,305.92486572265625,34790200,0.0,0.0,1.08,310.24,0,0,GOOGL
2026-03-03 00:00:00-05:00,298.01026816236094,303.34988694776314,296.1339134078651,302.9905700683594,35497000,0.0,0.0,1.67,308.62,0,0,GOOGL
2026-03-04 00:00:00-05:00,302.30197959238774,304.8769573413998,300.1661195993462,302.54150390625,29536200,0.0,0.0,0.08,307.43,0,0,GOOGL
2026-03-05 00:00:00-05:00,302.4516473530844,302.711121843687,297.4114338033223,300.2958374023437,35752300,0.0,0.0,-0.71,306.0,0,0,GOOGL
2026-03-06 00:00:00-05:00,295.5151547022239,299.94653713519574,294.60691775969326,297.9404296875,25576900,0.0,0.0,0.82,303.95,0,0,GOOGL
2026-03-09 00:00:00-04:00,293.99527562141907,306.4198649966507,293.71562375842984,305.9804077148437,29312100,0.21,0.0,4.08,303.83,1,1,GOOGL
2026-03-10 00:00:00-04:00,305.79068968096857,309.1265479913924,305.1914269440574,306.6596069335937,23239700,0.0,0.0,0.28,303.19,0,1,GOOGL
2026-03-11 00:00:00-04:00,306.3699695674413,311.0341973481569,305.5410112597432,308.31756591796875,24125700,0.0,0.0,0.64,303.53,0,1,GOOGL
2026-03-12 00:00:00-04:00,306.43988798140623,308.5572566363961,300.65705267874506,303.1739196777344,24928300,0.0,0.0,-1.07,303.56,0,0,GOOGL
2026-03-13 00:00:00-04:00,306.6296377698095,307.3087879643589,300.0677703977713,301.9054870605469,23693100,0.0,0.0,-1.54,303.47,0,0,GOOGL
2026-03-16 00:00:00-04:00,303.97293465389924,306.11026747244654,302.64456537566065,305.1814270019531,23519700,0.0,0.0,0.4,304.17,0,1,GOOGL
2026-03-17 00:00:00-04:00,305.48103123176395,311.03417054952814,305.1214918945171,310.5347900390625,21955200,0.0,0.0,1.65,305.96,0,1,GOOGL
2026-03-18 00:00:00-04:00,308.88680583632095,312.08285325242963,306.5497087361953,307.30877685546875,20009800,0.0,0.0,-0.51,306.15,0,1,GOOGL
2026-03-19 00:00:00-04:00,303.63335165234247,307.67832164750223,301.9754046785898,306.7494812011719,25075800,0.0,0.0,1.03,306.17,0,1,GOOGL
2026-03-20 00:00:00-04:00,305.0815409313132,305.62088043111504,297.9004465638477,300.6270751953125,44364100,0.0,0.0,-1.46,305.07,0,0,GOOGL
2026-03-23 00:00:00-04:00,301.7356863586682,305.60091722739566,300.55715563413514,301.6857604980469,29326900,0.0,0.0,-0.02,304.86,0,0,GOOGL
2026-03-24 00:00:00-04:00,298.82932646685043,299.5484356615691,289.97029010977093,290.0801696777344,36864300,0.0,0.0,-2.93,303.17,0,0,GOOGL
2026-03-25 00:00:00-04:00,293.07644958925243,295.6332754793409,288.8816409209488,290.5695495605469,29460700,0.0,0.0,-0.86,301.08,0,0,GOOGL
2026-03-26 00:00:00-04:00,287.553321534765,287.59328051443134,278.1549756132059,280.5719909667969,39080600,0.0,0.0,-2.43,296.8,0,0,GOOGL
2026-03-27 00:00:00-04:00,276.9364513575891,279.02385820883654,273.6105906087015,274.0000915527344,35890600,0.0,0.0,-1.06,292.04,0,0,GOOGL
2026-03-30 00:00:00-04:00,276.07755917965534,276.7467120540596,271.772870758184,273.1611633300781,35141200,0.0,0.0,-1.06,287.24,0,0,GOOGL
2026-03-31 00:00:00-04:00,277.6955407888773,287.72308014338427,276.74670556560056,287.2037353515625,43875400,0.0,0.0,3.42,285.32,1,1,GOOGL
2026-04-01 00:00:00-04:00,290.47967248402244,300.14767254424095,290.05021252939383,297.0215759277344,37684500,0.0,0.0,2.25,284.66,1,1,GOOGL
2026-04-02 00:00:00-04:00,290.3298413990028,297.7106694379238,289.0913874960174,295.4035339355469,21666500,0.0,0.0,1.75,285.42,0,1,GOOGL
2026-04-06 00:00:00-04:00,295.5034561131459,300.24757156825143,294.81430848233833,299.61834716796875,16945500,0.0,0.0,1.39,286.71,0,1,GOOGL
2026-04-07 00:00:00-04:00,302.3549447988444,305.2513457589993,297.3511421656273,305.08154296875,23205400,0.0,0.0,0.9,290.21,0,1,GOOGL
2026-04-08 00:00:00-04:00,320.0530070056894,321.68096199730417,314.6297110626625,316.9268798828125,33547100,0.0,0.0,-0.98,296.35,0,1,GOOGL
2026-04-09 00:00:00-04:00,315.51860784412145,319.1441153425082,310.6746106421415,318.09539794921875,23739200,0.0,0.0,0.82,302.76,0,1,GOOGL
2026-04-10 00:00:00-04:00,319.6235089208505,321.4312640320202,315.9281112234418,316.8469543457031,19152600,0.0,0.0,-0.87,307.0,0,1,GOOGL
2026-04-13 00:00:00-04:00,316.74710955552524,321.2315371363443,315.0791651091577,320.91192626953125,18866400,0.0,0.0,1.31,310.41,0,1,GOOGL
2026-04-14 00:00:00-04:00,324.38762340838895,332.8770926852431,323.3489033390031,332.49755859375,27721400,0.0,0.0,2.5,315.71,1,1,GOOGL
2026-04-15 00:00:00-04:00,332.4775916674409,337.0619013824557,330.49003638532656,336.70233154296875,24918800,0.0,0.0,1.27,321.01,0,1,GOOGL
2026-04-16 00:00:00-04:00,338.33029678032364,339.458901613874,334.105526677332,335.6036682128906,20541500,0.0,0.0,-0.81,325.37,0,1,GOOGL
2026-04-17 00:00:00-04:00,337.2316773591919,341.89590508018404,335.8234205588037,341.2566833496094,25581900,0.0,0.0,1.19,328.84,0,1,GOOGL
2026-04-20 00:00:00-04:00,340.3378420577138,340.97703331198585,336.1929591105031,337.0019836425781,18784200,0.0,0.0,-0.98,331.55,0,1,GOOGL
2026-04-21 00:00:00-04:00,337.2716301294484,338.9195798085849,330.9394885663705,331.8783264160156,23123800,0.0,0.0,-1.6,333.69,0,0,GOOGL
2026-04-22 00:00:00-04:00,336.6024588411248,339.3990082413208,334.7547751685775,338.8996276855469,20293000,0.0,0.0,0.68,336.26,0,1,GOOGL
2026-04-23 00:00:00-04:00,340.7572947145818,341.53632713037314,335.7634893621326,338.4701538085937,18650300,0.0,0.0,-0.67,337.12,0,1,GOOGL
2026-04-24 00:00:00-04:00,338.31036908905986,344.84224494447176,334.9745105669949,343.97332763671875,26426100,0.0,0.0,1.67,338.15,0,1,GOOGL
2026-04-27 00:00:00-04:00,345.5513913866065,352.7424533316474,342.30541767036533,349.9059753417969,28576900,0.0,0.0,1.26,340.2,0,1,GOOGL
2026-04-28 00:00:00-04:00,348.1181924796765,351.9834237980171,345.6912101596132,349.3466796875,27824100,0.0,0.0,0.35,341.35,0,1,GOOGL
2026-04-29 00:00:00-04:00,347.13938043155986,355.34919736274225,343.7835275027263,349.5064392089844,35376300,0.0,0.0,0.68,343.14,0,1,GOOGL
2026-04-30 00:00:00-04:00,373.6065555628184,385.3619622201579,365.3667768501622,384.3232421875,72040000,0.0,0.0,2.87,350.63,1,1,GOOGL
2026-05-01 00:00:00-04:00,381.1572209075714,386.2808704617397,378.5804000830116,385.2121887207031,30105200,0.0,0.0,1.06,357.25,0,1,GOOGL
2026-05-04 00:00:00-04:00,385.15223320621686,386.9000650646733,379.31947226185457,382.7751770019531,26298600,0.0,0.0,-0.62,363.58,0,1,GOOGL
2026-05-05 00:00:00-04:00,385.7515048868787,392.33333678038815,383.5442209432822,387.9487609863281,23878600,0.0,0.0,0.57,369.86,0,1,GOOGL
2026-05-06 00:00:00-04:00,393.7615619135972,399.3546301445318,392.2734176347804,397.546875,31308500,0.0,0.0,0.96,376.67,0,1,GOOGL
2026-05-07 00:00:00-04:00,399.4245497990884,399.6043194807176,392.1934987581594,397.4969177246094,24433500,0.0,0.0,-0.48,383.54,0,1,GOOGL
2026-05-08 00:00:00-04:00,396.5081562950806,401.5019617899809,395.86893456144384,400.3034362792969,21461800,0.0,0.0,0.96,390.8,0,1,GOOGL
2026-05-11 00:00:00-04:00,393.16231133568834,396.947624539314,387.9887360157618,388.1585388183594,30753700,0.0,0.0,-1.27,391.35,0,0,GOOGL
2026-05-12 00:00:00-04:00,386.8601198229993,388.0386506028281,382.2957742925754,386.8701171875,26017500,0.0,0.0,0.0,391.59,0,0,GOOGL
2026-05-13 00:00:00-04:00,385.1222825184223,403.1998643489371,384.5230197682841,402.1211853027344,28144600,0.0,0.0,4.41,394.35,1,1,GOOGL
2026-05-14 00:00:00-04:00,396.7878070287349,402.430801125594,395.349588612008,400.5731201171875,21136700,0.0,0.0,0.95,396.15,0,1,GOOGL
2026-05-15 00:00:00-04:00,395.8290000666237,399.0450119758119,392.69287563304505,396.2884216308594,20309700,0.0,0.0,0.12,395.97,0,1,GOOGL
2026-05-18 00:00:00-04:00,395.1997907850553,408.10376741205215,394.04122422601415,396.4482421875,26837200,0.0,0.0,0.32,395.82,0,1,GOOGL
2026-05-19 00:00:00-04:00,396.4681837278221,396.65795076850566,385.63162007935824,387.1797180175781,39545700,0.0,0.0,-2.34,393.95,0,0,GOOGL
2026-05-20 00:00:00-04:00,387.2196997137571,393.37204141138,382.42562803382646,388.4281921386719,31744400,0.0,0.0,0.31,393.99,0,0,GOOGL
2026-05-21 00:00:00-04:00,385.2221548650084,392.0137179133836,382.5454520468608,387.1797180175781,24852800,0.0,0.0,0.51,394.03,0,0,GOOGL
2026-05-22 00:00:00-04:00,386.87012298265273,388.258385079403,381.2970189068101,382.49554443359375,20442100,0.0,0.0,-1.13,391.23,0,0,GOOGL
2026-05-26 00:00:00-04:00,384.0336427193848,388.777757974093,382.1260053488666,388.3982238769531,27747400,0.0,0.0,1.14,389.49,0,0,GOOGL
2026-05-27 00:00:00-04:00,386.1909694394293,393.3920284639016,385.4219038824068,388.3482666015625,23087300,0.0,0.0,0.56,388.35,0,0,GOOGL
2026-05-28 00:00:00-04:00,387.5193014898567,391.38450201712897,384.682823662297,389.6466674804688,24357500,0.0,0.0,0.55,387.38,0,1,GOOGL
2026-05-29 00:00:00-04:00,384.7626974671623,384.7626974671623,377.9910987617443,379.8687744140625,44415800,0.0,0.0,-1.27,386.34,0,0,GOOGL
2026-06-01 00:00:00-04:00,376.05352511273605,378.0910063274456,373.0572417592453,375.9037170410156,28672100,0.0,0.0,-0.04,384.55,0,0,GOOGL
2026-06-02 00:00:00-04:00,366.1358206463617,373.07722234401785,357.99592394061045,361.4017028808594,50412300,0.0,0.0,-1.29,380.87,0,0,GOOGL
2026-06-03 00:00:00-04:00,361.5814692403301,365.9960065843375,357.6363508187865,358.54522705078125,55441600,0.0,0.0,-0.84,377.44,0,0,GOOGL
2026-06-04 00:00:00-04:00,358.4553387971999,372.7875661225121,357.7661912265356,371.7288818359375,44055500,0.0,0.0,3.7,375.06,1,0,GOOGL
2026-06-05 00:00:00-04:00,365.88613605551615,371.6190149899659,363.6688852043904,368.0734252929688,37471200,0.0,0.0,0.6,372.17,0,0,GOOGL
2026-06-08 00:00:00-04:00,364.9454235864071,365.9647879200631,360.2984165590168,363.0766296386719,27942500,0.22,0.0,-0.51,368.37,0,0,GOOGL
2026-06-09 00:00:00-04:00,366.8542002567408,371.84098522768176,357.0704802123837,364.0260314941406,29535100,0.0,0.0,-0.77,366.11,0,0,GOOGL
2026-06-10 00:00:00-04:00,362.9567158453765,368.3232616719084,354.97185779418805,356.1510925292969,32357100,0.0,0.0,-1.88,363.29,0,0,GOOGL
2026-06-11 00:00:00-04:00,355.70134679025995,358.5694982511428,346.13748714351743,357.5401611328125,35538200,0.0,0.0,0.52,362.73,0,0,GOOGL
2026-06-12 00:00:00-04:00,362.3870579560934,366.3345327833823,354.7119986974298,359.4489440917969,24704600,0.0,0.0,-0.81,362.86,0,0,GOOGL
2026-06-15 00:00:00-04:00,367.6936611370599,372.7504085202595,366.3145426692825,369.1127624511719,27727500,0.0,0.0,0.39,362.49,0,1,GOOGL
2026-06-16 00:00:00-04:00,369.3626044753487,375.7584875251172,366.8242274297617,373.01025390625,24876100,0.0,0.0,0.99,363.2,0,1,GOOGL
2026-06-17 00:00:00-04:00,368.8929017493238,372.0908279957741,361.78745285393074,363.5563354492188,24543600,0.0,0.0,-1.45,363.26,0,1,GOOGL
2026-06-18 00:00:00-04:00,365.5150449761754,369.2426598317581,358.4396065335441,367.7935791015625,44470100,0.0,0.0,0.62,363.8,0,1,GOOGL
2026-06-22 00:00:00-04:00,357.72009076397745,358.68946892539066,341.50050477393233,349.45538330078125,52814800,0.0,0.0,-2.31,362.85,0,0,GOOGL
2026-06-23 00:00:00-04:00,340.47114598010614,349.0656275102868,339.98147051143604,345.9076538085937,34007700,0.0,0.0,1.6,361.18,0,0,GOOGL
2026-06-24 00:00:00-04:00,348.8157979233392,353.25294826847323,341.7103492701006,345.0682067871094,44997300,0.0,0.0,-1.07,359.13,0,0,GOOGL
2026-06-25 00:00:00-04:00,336.51370015420923,345.34801779729577,335.6242572392167,343.4891967773437,44491400,0.0,0.0,2.07,355.47,1,0,GOOGL
2026-06-26 00:00:00-04:00,342.3299372399904,346.1374872957393,329.98789515004995,337.1732788085937,114706300,0.0,0.0,-1.51,350.35,0,0,GOOGL
2026-06-29 00:00:00-04:00,341.6104064955248,354.122383587675,340.4511784786947,353.4228210449219,34213900,0.0,0.0,3.46,348.9,1,1,GOOGL
2026-06-30 00:00:00-04:00,353.64269008629407,358.3896389689017,350.1749177879227,357.14044189453125,35237200,0.0,0.0,0.99,347.38,0,1,GOOGL
2026-07-01 00:00:00-04:00,358.1397942573561,362.7368455226467,356.20103798676814,360.97796630859375,26736400,0.0,0.0,0.79,349.03,0,1,GOOGL
2026-07-02 00:00:00-04:00,359.2490860357571,363.97602803095486,353.19298133516355,359.6788024902344,25974800,0.0,0.0,0.12,350.99,0,1,GOOGL
2026-07-06 00:00:00-04:00,361.3177293642356,367.693635754559,357.15042523629825,366.2245788574219,26915800,0.0,0.0,1.36,354.02,0,1,GOOGL
2026-07-07 00:00:00-04:00,368.8329180211536,372.9202869594668,365.26520405735874,366.7942199707031,24045600,0.0,0.0,-0.55,357.34,0,1,GOOGL
2026-07-08 00:00:00-04:00,364.525702555654,367.6037106679975,357.79001132287857,361.6875305175781,22094800,0.0,0.0,-0.78,360.85,0,1,GOOGL
2026-07-09 00:00:00-04:00,354.0824097063769,359.41897594546776,350.8544734886641,358.65948486328125,24729100,0.0,0.0,1.29,361.59,0,0,GOOGL
2026-07-10 00:00:00-04:00,357.30034280387986,357.5901650645865,352.52341441108456,356.9505615234375,18146100,0.0,0.0,-0.1,361.57,0,0,GOOGL
2026-07-13 00:00:00-04:00,355.9611981097028,357.8999543595846,351.5240477747128,352.2835693359375,15901700,0.0,0.0,-1.03,360.33,0,0,GOOGL
2026-07-14 00:00:00-04:00,350.9744235107016,359.92865963343,350.86447830880365,359.2790832519531,18259400,0.0,0.0,2.37,360.27,1,0,GOOGL
2026-07-15 00:00:00-04:00,357.74006858863044,373.4099896327818,357.5302120160503,370.6817626953125,28284600,0.0,0.0,3.62,360.91,1,1,GOOGL
2026-07-16 00:00:00-04:00,372.8203579699616,375.02892981037553,352.07368364698067,354.2322998046875,41158500,0.0,0.0,-4.99,359.11,0,0,GOOGL
2026-07-17 00:00:00-04:00,345.77774679993126,348.2961170979314,341.1407126662452,346.5472412109375,29959300,0.0,0.0,0.22,356.95,0,0,GOOGL
2026-07-20 00:00:00-04:00,350.6546131580819,359.4489481797366,350.2948285491913,351.7638854980469,24736600,0.0,0.0,0.32,355.96,0,0,GOOGL
2026-07-21 00:00:00-04:00,351.09433677099497,351.09433677099497,346.77710440528256,346.927001953125,23369800,0.0,0.0,-1.19,354.53,0,0,GOOGL
2026-07-22 00:00:00-04:00,347.93634723653764,349.7152025525983,341.51048515922605,341.8702392578125,39334100,0.0,0.0,-1.74,353.04,0,0,GOOGL
2026-07-23 00:00:00-04:00,320.92372412122546,324.2815511558238,314.69771503877246,317.4859313964844,69419700,0.0,0.0,-1.07,347.07,0,0,GOOGL
2026-07-24 00:00:00-04:00,318.2154780071113,323.97175736278774,317.11617848672984,319.5346069335937,31806600,0.0,0.0,0.41,339.77,0,0,GOOGL
2026-07-27 00:00:00-04:00,324.83120713377,330.2077559724587,324.2415898017393,326.3502197265625,28471600,0.0,0.0,0.47,335.78,0,0,GOOGL
2026-07-28 00:00:00-04:00,327.68937042492354,335.66425552638333,324.2316014627561,333.4956359863281,29511900,0.0,0.0,1.77,333.92,0,0,GOOGL
2026-07-29 00:00:00-04:00,334.455045685483,342.2800028423013,331.40698648547414,336.49371337890625,27501600,0.0,0.0,0.61,331.74,0,1,GOOGL
2026-07-30 00:00:00-04:00,333.98534038388266,336.29385412629074,330.12780397797883,333.4456787109375,30168000,0.0,0.0,-0.16,329.81,0,1,GOOGL
2026-07-31 00:00:00-04:00,340.611054758666,358.3496530632621,339.78160132747564,355.9012451171875,46498000,0.0,0.0,4.49,331.82,1,1,GOOGL
2026-08-03 00:00:00-04:00,365.2152604560987,376.4480305309448,363.1166033198653,373.2700805664063,38669700,0.0,0.0,2.21,339.78,1,1,GOOGL
2026-08-04 00:00:00-04:00,367.9834743668337,380.2755612380555,367.263935640354,377.4074096679688,35705700,0.0,0.0,2.56,348.05,1,1,GOOGL
2026-08-05 00:00:00-04:00,383.0937455186354,384.2330278418686,356.54080629618977,362.1971740722656,46926300,0.0,0.0,-5.45,353.17,0,1,GOOGL
2026-08-06 00:00:00-04:00,360.5382517887205,363.8961093831237,356.65076635274994,357.52020263671875,25235900,0.0,0.0,-0.84,356.61,0,1,GOOGL
2026-08-07 00:00:00-04:00,356.49084652154687,358.6694387836589,353.5527327193329,354.0723876953125,19859900,0.0,0.0,-0.68,359.12,0,0,GOOGL
2026-08-10 00:00:00-04:00,354.951850943437,357.38028276908574,352.4834362714388,357.29034423828125,18991400,0.0,0.0,0.66,362.52,0,0,GOOGL
2026-08-11 00:00:00-04:00,355.6613923515014,356.5807842683805,343.1694223006263,343.5791320800781,29081800,0.0,0.0,-3.4,360.76,0,0,GOOGL
2026-08-12 00:00:00-04:00,346.0875456512855,346.25744987105145,340.661040926288,343.3193359375,25012000,0.0,0.0,-0.8,356.48,0,0,GOOGL
2026-08-13 00:00:00-04:00,345.5478948342235,347.7065110877775,343.5392066313974,346.13751220703125,17866100,0.0,0.0,0.17,352.02,0,0,GOOGL
2026-08-14 00:00:00-04:00,346.5772111705174,350.22489088982945,344.27870083870846,345.67779541015625,17808600,0.0,0.0,-0.26,349.66,0,0,GOOGL
2026-08-17 00:00:00-04:00,346.04755304110785,347.0269344906474,341.7103446182459,343.7790222167969,18291300,0.0,0.0,-0.66,347.69,0,0,GOOGL
2026-08-18 00:00:00-04:00,342.19005363605754,344.6484648943574,339.97147845233087,343.9789123535156,19248800,0.0,0.0,0.52,346.25,0,0,GOOGL
2026-08-19 00:00:00-04:00,342.2400076559886,346.5072842825429,340.44117610948047,344.4985656738281,19733800,0.0,0.0,0.66,344.42,0,1,GOOGL
2026-08-20 00:00:00-04:00,342.83962071417653,343.6790774504127,338.3525147854226,340.451171875,18570400,0.0,0.0,-0.7,343.98,0,0,GOOGL
2026-08-21 00:00:00-04:00,342.359928876986,345.97762917305914,340.1813365286692,344.5985107421875,20849800,0.0,0.0,0.65,344.16,0,1,GOOGL
2026-08-24 00:00:00-04:00,343.39927531721605,351.3741604480826,342.2699962782288,347.83642578125,26338200,0.0,0.0,1.29,344.4,0,1,GOOGL
2026-08-25 00:00:00-04:00,349.41542326154587,349.9350782600912,345.37800981753963,346.73712158203125,20649700,0.0,0.0,-0.77,344.55,0,1,GOOGL
2026-08-26 00:00:00-04:00,346.3973312516375,346.65717399060424,339.96146577825954,341.7803039550781,20420300,0.0,0.0,-1.33,344.27,0,0,GOOGL
2026-08-27 00:00:00-04:00,339.4518318672432,341.4705233735174,338.3025461528343,340.4311828613281,23391400,0.0,0.0,0.29,343.76,0,0,GOOGL
2026-08-28 00:00:00-04:00,340.49114263603377,348.91575095848634,340.0514228221321,346.36737060546875,25347200,0.0,0.0,1.73,344.03,0,1,GOOGL
2026-08-31 00:00:00-04:00,343.60912172254496,344.3686432833908,336.94342338566804,339.13201904296875,33493600,0.0,0.0,-1.3,343.84,0,0,GOOGL
2026-09-01 00:00:00-04:00,335.7841605001305,336.9834018439635,332.8360433203593,334.8047790527344,23342700,0.0,0.0,-0.29,342.44,0,0,GOOGL
2026-09-02 00:00:00-04:00,333.84541044728496,339.78159726283246,332.6062167342666,336.9034423828125,22582300,0.0,0.0,0.92,340.88,0,0,GOOGL
2026-09-03 00:00:00-04:00,340.34122971001256,344.4585782378343,339.841550898423,342.260009765625,20726900,0.0,0.0,0.56,340.24,0,1,GOOGL
2026-09-04 00:00:00-04:00,342.4700012207031,343.5299987792969,337.0899963378906,338.4599914550781,23189300,0.22,0.0,-1.17,339.77,0,0,GOOGL
2026-09-08 00:00:00-04:00,335.4200134277344,339.67999267578125,333.2200012207031,338.3599853515625,22915800,0.0,0.0,0.88,339.47,0,0,GOOGL
2026-09-09 00:00:00-04:00,331.6499938964844,331.8500061035156,327.8999938964844,330.6499938964844,33151600,0.0,0.0,-0.3,337.22,0,0,GOOGL
2026-09-10 00:00:00-04:00,328.2300109863281,333.2300109863281,327.739990234375,332.6000061035156,23557600,0.0,0.0,1.33,336.29,0,0,GOOGL
2026-09-11 00:00:00-04:00,335.0299987792969,342.9800109863281,335.0299987792969,338.5,24708300,0.0,0.0,1.04,336.82,0,1,GOOGL
2026-09-14 00:00:00-04:00,343.1199951171875,349.9100036621094,342.1400146484375,349.3900146484375,35905400,0.0,0.0,1.83,338.6,0,1,GOOGL
2026-09-15 00:00:00-04:00,346.79998779296875,348.07000732421875,342.70001220703125,344.9800109863281,21928600,0.0,0.0,-0.52,338.99,0,1,GOOGL
2026-09-16 00:00:00-04:00,347.0799865722656,348.3999938964844,340.6400146484375,342.8699951171875,18860000,0.0,0.0,-1.21,339.62,0,1,GOOGL
2025-09-17 00:00:00-04:00,233.7700042724609,234.3000030517578,228.7100067138672,231.6199951171875,42815200,0.0,0.0,-0.92,231.62,0,0,AMZN
2025-09-18 00:00:00-04:00,232.5,233.47999572753903,228.7899932861328,231.22999572753903,37931700,0.0,0.0,-0.55,231.42,0,0,AMZN
2025-09-19 00:00:00-04:00,232.3699951171875,234.16000366210935,229.6999969482422,231.47999572753903,97943200,0.0,0.0,-0.38,231.44,0,1,AMZN
2025-09-22 00:00:00-04:00,230.55999755859372,230.57000732421875,227.50999450683597,227.6300048828125,45914500,0.0,0.0,-1.27,230.49,0,0,AMZN
2025-09-23 00:00:00-04:00,227.8300018310547,227.8600006103516,220.07000732421875,220.7100067138672,70956200,0.0,0.0,-3.13,228.53,0,0,AMZN
2025-09-24 00:00:00-04:00,224.1499938964844,224.55999755859372,219.4499969482422,220.2100067138672,49509000,0.0,0.0,-1.76,227.15,0,0,AMZN
2025-09-25 00:00:00-04:00,220.05999755859372,220.6699981689453,216.47000122070312,218.1499938964844,52226300,0.0,0.0,-0.87,225.86,0,0,AMZN
2025-09-26 00:00:00-04:00,219.0800018310547,221.0500030517578,218.0200042724609,219.77999877929688,41650100,0.0,0.0,0.32,224.17,0,0,AMZN
2025-09-29 00:00:00-04:00,220.0800018310547,222.6000061035156,219.3000030517578,222.1699981689453,44259200,0.0,0.0,0.95,222.88,0,0,AMZN
2025-09-30 00:00:00-04:00,222.02999877929688,222.2400054931641,217.88999938964844,219.57000732421875,48396400,0.0,0.0,-1.11,221.17,0,0,AMZN
2025-10-01 00:00:00-04:00,217.3600006103516,222.1499938964844,216.6100006103516,220.6300048828125,43933800,0.0,0.0,1.5,220.17,0,1,AMZN
2025-10-02 00:00:00-04:00,221.00999450683597,222.80999755859372,218.9499969482422,222.41000366210935,41258600,0.0,0.0,0.63,220.42,0,1,AMZN
2025-10-03 00:00:00-04:00,223.44000244140625,224.1999969482422,219.33999633789065,219.50999450683597,43639000,0.0,0.0,-1.76,220.32,0,0,AMZN
2025-10-06 00:00:00-04:00,221.0,221.72999572753903,216.02999877929688,220.8999938964844,43690900,0.0,0.0,-0.05,220.71,0,1,AMZN
2025-10-07 00:00:00-04:00,220.8800048828125,222.88999938964844,220.1699981689453,221.77999877929688,31194700,0.0,0.0,0.41,221.0,0,1,AMZN
2025-10-08 00:00:00-04:00,222.9199981689453,226.72999572753903,221.19000244140625,225.22000122070312,46686000,0.0,0.0,1.03,221.43,0,1,AMZN
2025-10-09 00:00:00-04:00,225.0,228.2100067138672,221.75,227.7400054931641,46412100,0.0,0.0,1.22,222.6,0,1,AMZN
2025-10-10 00:00:00-04:00,226.2100067138672,228.25,216.0,216.3699951171875,72367500,0.0,0.0,-4.35,221.99,0,0,AMZN
2025-10-13 00:00:00-04:00,217.6999969482422,220.67999267578125,217.0399932861328,220.07000732421875,37809700,0.0,0.0,1.09,221.66,0,0,AMZN
2025-10-14 00:00:00-04:00,215.55999755859372,219.32000732421875,212.6000061035156,216.38999938964844,45665600,0.0,0.0,0.39,221.21,0,0,AMZN
2025-10-15 00:00:00-04:00,216.6199951171875,217.7100067138672,212.66000366210935,215.57000732421875,45909500,0.0,0.0,-0.48,220.45,0,0,AMZN
2025-10-16 00:00:00-04:00,215.6699981689453,218.58999633789065,212.80999755859372,214.47000122070312,42414600,0.0,0.0,-0.56,219.4,0,0,AMZN
2025-10-17 00:00:00-04:00,214.55999755859372,214.8000030517578,211.02999877929688,213.0399932861328,45986900,0.0,0.0,-0.71,217.66,0,0,AMZN
2025-10-20 00:00:00-04:00,213.8800048828125,216.69000244140625,213.58999633789065,216.47999572753903,38882800,0.0,0.0,1.22,216.06,0,1,AMZN
2025-10-21 00:00:00-04:00,218.42999267578125,223.32000732421875,217.9900054931641,222.02999877929688,50494600,0.0,0.0,1.65,216.86,0,1,AMZN
2025-10-22 00:00:00-04:00,219.3000030517578,220.00999450683597,216.5200042724609,217.9499969482422,44308500,0.0,0.0,-0.62,216.56,0,1,AMZN
2025-10-23 00:00:00-04:00,219.0,221.3000030517578,218.17999267578125,221.08999633789065,31540000,0.0,0.0,0.95,217.23,0,1,AMZN
2025-10-24 00:00:00-04:00,221.97000122070312,225.3999938964844,221.8999938964844,224.2100067138672,38685100,0.0,0.0,1.01,218.47,0,1,AMZN
2025-10-27 00:00:00-04:00,227.66000366210935,228.3999938964844,225.5399932861328,226.97000122070312,38267000,0.0,0.0,-0.3,220.25,0,1,AMZN
2025-10-28 00:00:00-04:00,228.22000122070312,231.4900054931641,226.2100067138672,229.25,47100000,0.0,0.0,0.45,222.57,0,1,AMZN
2025-10-29 00:00:00-04:00,231.6699981689453,232.82000732421875,227.75999450683597,230.3000030517578,52036200,0.0,0.0,-0.59,224.54,0,1,AMZN
2025-10-30 00:00:00-04:00,227.05999755859372,228.44000244140625,222.75,222.8600006103516,102252900,0.0,0.0,-1.85,224.66,0,0,AMZN
2025-10-31 00:00:00-04:00,250.1000061035156,250.5,243.97999572753903,244.22000122070312,166340800,0.0,0.0,-2.35,228.41,0,1,AMZN
2025-11-03 00:00:00-05:00,255.3600006103516,258.6000061035156,252.8999938964844,254.0,95997800,0.0,0.0,-0.53,233.12,0,1,AMZN
2025-11-04 00:00:00-05:00,250.3800048828125,257.010009765625,248.66000366210935,249.32000732421875,51546300,0.0,0.0,-0.42,236.7,0,1,AMZN
2025-11-05 00:00:00-05:00,249.02999877929688,251.0,246.16000366210935,250.1999969482422,40610700,0.0,0.0,0.47,240.02,0,1,AMZN
2025-11-06 00:00:00-05:00,249.16000366210935,250.3800048828125,242.1699981689453,243.0399932861328,46004200,0.0,0.0,-2.46,241.99,0,1,AMZN
2025-11-07 00:00:00-05:00,242.8999938964844,244.8999938964844,238.4900054931641,244.41000366210935,46374300,0.0,0.0,0.62,244.01,0,1,AMZN
2025-11-10 00:00:00-05:00,248.33999633789065,251.75,245.58999633789065,248.3999938964844,36476500,0.0,0.0,0.02,247.66,0,1,AMZN
2025-11-11 00:00:00-05:00,248.41000366210935,249.75,247.22999572753903,249.1000061035156,23564100,0.0,0.0,0.28,248.35,0,1,AMZN
2025-11-12 00:00:00-05:00,250.2400054931641,250.3699951171875,243.75,244.1999969482422,31190100,0.0,0.0,-2.41,246.95,0,0,AMZN
2025-11-13 00:00:00-05:00,243.0500030517578,243.75,236.5,237.5800018310547,41401700,0.0,0.0,-2.25,245.28,0,0,AMZN
2025-11-14 00:00:00-05:00,235.05999755859372,238.72999572753903,232.88999938964844,234.69000244140625,38956700,0.0,0.0,-0.16,243.06,0,0,AMZN
2025-11-17 00:00:00-05:00,233.25,234.6000061035156,229.19000244140625,232.8699951171875,59919000,0.0,0.0,-0.16,241.61,0,0,AMZN
2025-11-18 00:00:00-05:00,228.1000061035156,230.1999969482422,222.4199981689453,222.5500030517578,60608400,0.0,0.0,-2.43,238.48,0,0,AMZN
2025-11-19 00:00:00-05:00,223.7400054931641,223.7400054931641,218.5200042724609,222.69000244140625,58335600,0.0,0.0,-0.47,234.81,0,0,AMZN
2025-11-20 00:00:00-05:00,227.0500030517578,227.41000366210935,216.7400054931641,217.13999938964844,50309000,0.0,0.0,-4.36,230.25,0,0,AMZN
2025-11-21 00:00:00-05:00,216.3500061035156,222.2100067138672,215.17999267578125,220.69000244140625,68490500,0.0,0.0,2.01,226.89,1,0,AMZN
2025-11-24 00:00:00-05:00,222.55999755859372,227.3300018310547,222.2700042724609,226.27999877929688,54318400,0.0,0.0,1.67,225.27,0,1,AMZN
2025-11-25 00:00:00-05:00,226.3800048828125,230.5200042724609,223.8000030517578,229.6699981689453,39379300,0.0,0.0,1.45,224.56,0,1,AMZN
2025-11-26 00:00:00-05:00,230.7400054931641,231.75,228.7700042724609,229.16000366210935,38497900,0.0,0.0,-0.68,224.03,0,1,AMZN
2025-11-28 00:00:00-05:00,231.2400054931641,233.2899932861328,230.22000122070312,233.22000122070312,20292300,0.0,0.0,0.86,225.55,0,1,AMZN
2025-12-01 00:00:00-05:00,233.22000122070312,235.8000030517578,232.25,233.8800048828125,42904000,0.0,0.0,0.28,227.15,0,1,AMZN
2025-12-02 00:00:00-05:00,235.00999450683597,238.97000122070312,233.5500030517578,234.4199981689453,45785400,0.0,0.0,-0.25,229.62,0,1,AMZN
2025-12-03 00:00:00-05:00,233.3500061035156,233.3800048828125,230.6100006103516,232.3800048828125,35495100,0.0,0.0,-0.42,231.29,0,1,AMZN
2025-12-04 00:00:00-05:00,232.7700042724609,233.5,226.8000030517578,229.1100006103516,45683200,0.0,0.0,-1.57,231.69,0,0,AMZN
2025-12-05 00:00:00-05:00,230.32000732421875,231.2400054931641,228.5500030517578,229.52999877929688,33117400,0.0,0.0,-0.34,231.67,0,0,AMZN
2025-12-08 00:00:00-05:00,229.58999633789065,230.8300018310547,226.2700042724609,226.88999938964844,35019200,0.0,0.0,-1.18,231.35,0,0,AMZN
2025-12-09 00:00:00-05:00,226.83999633789065,228.57000732421875,225.1100006103516,227.9199981689453,25841700,0.0,0.0,0.48,230.59,0,0,AMZN
2025-12-10 00:00:00-05:00,228.80999755859372,232.4199981689453,228.4600067138672,231.77999877929688,38790700,0.0,0.0,1.3,230.29,0,1,AMZN
2025-12-11 00:00:00-05:00,230.7100067138672,232.1100006103516,228.69000244140625,230.27999877929688,28249600,0.0,0.0,-0.19,229.7,0,1,AMZN
2025-12-12 00:00:00-05:00,229.8699951171875,230.0800018310547,225.1199951171875,226.19000244140625,35639100,0.0,0.0,-1.6,228.81,0,0,AMZN
2025-12-15 00:00:00-05:00,227.92999267578125,227.92999267578125,221.5,222.5399932861328,47286100,0.0,0.0,-2.36,227.88,0,0,AMZN
2025-12-16 00:00:00-05:00,223.0399932861328,223.66000366210935,221.1300048828125,222.55999755859372,39298900,0.0,0.0,-0.22,226.88,0,0,AMZN
2025-12-17 00:00:00-05:00,224.66000366210935,225.19000244140625,220.9900054931641,221.2700042724609,44034400,0.0,0.0,-1.51,226.08,0,0,AMZN
2025-12-18 00:00:00-05:00,225.7100067138672,229.22999572753903,224.41000366210935,226.75999450683597,50272400,0.0,0.0,0.47,225.91,0,1,AMZN
2025-12-19 00:00:00-05:00,226.75999450683597,229.1300048828125,225.5800018310547,227.3500061035156,85544400,0.0,0.0,0.26,225.28,0,1,AMZN
2025-12-22 00:00:00-05:00,228.6100006103516,229.47999572753903,226.7100067138672,228.42999267578125,32261300,0.0,0.0,-0.08,225.01,0,1,AMZN
2025-12-23 00:00:00-05:00,229.05999755859372,232.4499969482422,228.72999572753903,232.13999938964844,29230200,0.0,0.0,1.34,225.86,0,1,AMZN
2025-12-24 00:00:00-05:00,232.1300048828125,232.9499969482422,231.3300018310547,232.3800048828125,11420500,0.0,0.0,0.11,227.27,0,1,AMZN
2025-12-26 00:00:00-05:00,232.0399932861328,232.9900054931641,231.17999267578125,232.5200042724609,15994700,0.0,0.0,0.21,228.69,0,1,AMZN
2025-12-29 00:00:00-05:00,231.94000244140625,232.6000061035156,230.7700042724609,232.07000732421875,19797900,0.0,0.0,0.06,230.24,0,1,AMZN
2025-12-30 00:00:00-05:00,231.2100067138672,232.7700042724609,230.1999969482422,232.52999877929688,21910500,0.0,0.0,0.57,231.06,0,1,AMZN
2025-12-31 00:00:00-05:00,232.91000366210935,232.9900054931641,230.1199951171875,230.82000732421875,24383700,0.0,0.0,-0.9,231.56,0,0,AMZN
2026-01-02 00:00:00-05:00,231.33999633789065,235.4600067138672,224.6999969482422,226.5,51456200,0.0,0.0,-2.09,231.28,0,0,AMZN
2026-01-05 00:00:00-05:00,228.83999633789065,234.0,227.17999267578125,233.05999755859372,49733300,0.0,0.0,1.84,231.41,0,1,AMZN
2026-01-06 00:00:00-05:00,232.1000061035156,243.17999267578125,232.07000732421875,240.92999267578125,53764700,0.0,0.0,3.8,232.63,1,1,AMZN
2026-01-07 00:00:00-05:00,239.6100006103516,245.2899932861328,239.5200042724609,241.55999755859372,42236500,0.0,0.0,0.81,233.92,0,1,AMZN
2026-01-08 00:00:00-05:00,243.05999755859372,246.41000366210935,241.8800048828125,246.2899932861328,39509800,0.0,0.0,1.33,235.96,0,1,AMZN
2026-01-09 00:00:00-05:00,244.57000732421875,247.8600006103516,242.2400054931641,247.3800048828125,34560000,0.0,0.0,1.15,238.08,0,1,AMZN
2026-01-12 00:00:00-05:00,246.72999572753903,248.94000244140625,245.9600067138672,246.47000122070312,35867800,0.0,0.0,-0.11,240.31,0,1,AMZN
2026-01-13 00:00:00-05:00,246.52999877929688,247.66000366210935,240.25,242.6000061035156,38371800,0.0,0.0,-1.59,242.61,0,0,AMZN
2026-01-14 00:00:00-05:00,241.1499938964844,241.27999877929688,236.22000122070312,236.6499938964844,41410600,0.0,0.0,-1.87,243.13,0,0,AMZN
2026-01-15 00:00:00-05:00,239.30999755859372,240.6499938964844,236.6300048828125,238.17999267578125,43003600,0.0,0.0,-0.47,242.73,0,0,AMZN
2026-01-16 00:00:00-05:00,239.08999633789065,239.57000732421875,236.41000366210935,239.1199951171875,45888300,0.0,0.0,0.01,242.38,0,0,AMZN
2026-01-20 00:00:00-05:00,233.75999450683597,235.08999633789065,229.33999633789065,231.0,47737900,0.0,0.0,-1.18,240.2,0,0,AMZN
2026-01-21 00:00:00-05:00,231.08999633789065,232.3000030517578,226.8800048828125,231.30999755859372,47276100,0.0,0.0,0.1,237.9,0,0,AMZN
2026-01-22 00:00:00-05:00,234.0500030517578,235.72000122070312,230.8999938964844,234.33999633789065,31913300,0.0,0.0,0.12,236.17,0,0,AMZN
2026-01-23 00:00:00-05:00,234.9600067138672,240.4499969482422,234.57000732421875,239.16000366210935,33778500,0.0,0.0,1.79,235.68,0,1,AMZN
2026-01-26 00:00:00-05:00,239.97999572753903,240.9499969482422,237.5399932861328,238.4199981689453,32825500,0.0,0.0,-0.65,235.93,0,1,AMZN
2026-01-27 00:00:00-05:00,239.69000244140625,244.8800048828125,238.0800018310547,244.67999267578125,38029200,0.0,0.0,2.08,236.86,1,1,AMZN
2026-01-28 00:00:00-05:00,246.3699951171875,247.77999877929688,241.52999877929688,243.00999450683597,40882700,0.0,0.0,-1.36,237.42,0,1,AMZN
2026-01-29 00:00:00-05:00,242.82000732421875,243.0,236.7400054931641,241.72999572753903,47229600,0.0,0.0,-0.45,238.95,0,1,AMZN
2026-01-30 00:00:00-05:00,239.88999938964844,243.32000732421875,237.63999938964844,239.3000030517578,46585000,0.0,0.0,-0.25,240.09,0,0,AMZN
2026-02-02 00:00:00-05:00,238.30999755859372,245.6300048828125,238.1699981689453,242.9600067138672,37546100,0.0,0.0,1.95,241.32,0,1,AMZN
2026-02-03 00:00:00-05:00,244.97999572753903,246.3500061035156,235.4499969482422,238.6199951171875,53831300,0.0,0.0,-2.6,241.25,0,0,AMZN
2026-02-04 00:00:00-05:00,238.8600006103516,238.8600006103516,231.82000732421875,232.9900054931641,51299900,0.0,0.0,-2.46,240.47,0,0,AMZN
2026-02-05 00:00:00-05:00,224.91000366210935,226.30999755859372,220.3800048828125,222.69000244140625,103509200,0.0,0.0,-0.99,237.33,0,0,AMZN
2026-02-06 00:00:00-05:00,202.6999969482422,211.44000244140625,200.30999755859372,210.32000732421875,179210900,0.0,0.0,3.76,232.66,1,0,AMZN
2026-02-09 00:00:00-05:00,208.97000122070312,212.80999755859372,203.3500061035156,208.72000122070312,91178400,0.0,0.0,-0.12,227.94,0,0,AMZN
2026-02-10 00:00:00-05:00,208.8000030517578,212.6499938964844,206.41000366210935,206.9600067138672,67175000,0.0,0.0,-0.88,223.32,0,0,AMZN
2026-02-11 00:00:00-05:00,208.05999755859372,208.57000732421875,202.4900054931641,204.0800018310547,65545500,0.0,0.0,-1.91,217.77,0,0,AMZN
2026-02-12 00:00:00-05:00,203.9600067138672,203.9600067138672,197.55999755859372,199.6000061035156,83975400,0.0,0.0,-2.14,212.19,0,0,AMZN
2026-02-13 00:00:00-05:00,198.8800048828125,201.16000366210935,197.27999877929688,198.7899932861328,66321600,0.0,0.0,-0.05,207.31,0,0,AMZN
2026-02-17 00:00:00-05:00,198.1300048828125,201.7400054931641,196.0,201.1499938964844,69879200,0.0,0.0,1.52,204.23,0,0,AMZN
2026-02-18 00:00:00-05:00,202.07000732421875,206.8600006103516,201.50999450683597,204.7899932861328,51003300,0.0,0.0,1.35,203.44,0,1,AMZN
2026-02-19 00:00:00-05:00,203.8000030517578,205.63999938964844,202.80999755859372,204.8600006103516,35669600,0.0,0.0,0.52,202.89,0,1,AMZN
2026-02-20 00:00:00-05:00,204.75999450683597,211.1699981689453,203.75,210.1100006103516,65881600,0.0,0.0,2.61,203.34,1,1,AMZN
2026-02-23 00:00:00-05:00,208.1000061035156,208.42999267578125,203.1100006103516,205.2700042724609,53581500,0.0,0.0,-1.36,203.51,0,1,AMZN
2026-02-24 00:00:00-05:00,205.47000122070312,210.3600006103516,203.25,208.55999755859372,41137200,0.0,0.0,1.5,204.79,0,1,AMZN
2026-02-25 00:00:00-05:00,210.4600067138672,211.58999633789065,208.92999267578125,210.63999938964844,41346400,0.0,0.0,0.09,206.48,0,1,AMZN
2026-02-26 00:00:00-05:00,210.72999572753903,211.0500030517578,205.3500061035156,207.9199981689453,47756800,0.0,0.0,-1.33,207.45,0,1,AMZN
2026-02-27 00:00:00-05:00,206.8300018310547,210.3300018310547,205.1999969482422,210.0,57422800,0.0,0.0,1.53,208.19,0,1,AMZN
2026-03-02 00:00:00-05:00,204.5500030517578,209.72999572753903,203.4600067138672,208.38999938964844,46001000,0.0,0.0,1.88,208.7,0,0,AMZN
2026-03-03 00:00:00-05:00,203.1000061035156,209.17999267578125,202.47999572753903,208.72999572753903,43184900,0.0,0.0,2.77,208.5,1,1,AMZN
2026-03-04 00:00:00-05:00,210.47000122070312,217.5399932861328,210.1499938964844,216.82000732421875,54731100,0.0,0.0,3.02,210.15,1,1,AMZN
2026-03-05 00:00:00-05:00,215.97999572753903,220.47000122070312,215.58999633789065,218.94000244140625,60943400,0.0,0.0,1.37,211.63,0,1,AMZN
2026-03-06 00:00:00-05:00,214.9900054931641,217.32000732421875,212.52999877929688,213.2100067138672,51152700,0.0,0.0,-0.83,212.0,0,1,AMZN
2026-03-09 00:00:00-04:00,210.4499969482422,213.82000732421875,207.1100006103516,213.4900054931641,54642900,0.0,0.0,1.44,212.8,0,1,AMZN
2026-03-10 00:00:00-04:00,214.19000244140625,215.6499938964844,212.42999267578125,214.3300018310547,35678800,0.0,0.0,0.07,213.42,0,1,AMZN
2026-03-11 00:00:00-04:00,215.7100067138672,217.0,211.3500061035156,212.6499938964844,34199300,0.0,0.0,-1.42,214.02,0,0,AMZN
2026-03-12 00:00:00-04:00,210.38999938964844,211.7100067138672,208.1499938964844,209.52999877929688,44349500,0.0,0.0,-0.41,214.14,0,0,AMZN
2026-03-13 00:00:00-04:00,209.6100006103516,210.55999755859372,206.22000122070312,207.6699981689453,35662100,0.0,0.0,-0.93,212.83,0,0,AMZN
2026-03-16 00:00:00-04:00,208.3500061035156,212.72000122070312,207.4499969482422,211.7400054931641,42209300,0.0,0.0,1.63,211.8,0,0,AMZN
2026-03-17 00:00:00-04:00,212.82000732421875,215.6999969482422,212.42999267578125,215.1999969482422,44969900,0.0,0.0,1.12,212.09,0,1,AMZN
2026-03-18 00:00:00-04:00,213.92999267578125,215.13999938964844,208.8300018310547,209.8699951171875,37846600,0.0,0.0,-1.9,211.57,0,0,AMZN
2026-03-19 00:00:00-04:00,207.05999755859372,209.1199951171875,206.0500030517578,208.75999450683597,36440600,0.0,0.0,0.82,210.77,0,0,AMZN
2026-03-20 00:00:00-04:00,207.3999938964844,207.5399932861328,204.32000732421875,205.3699951171875,63694600,0.0,0.0,-0.98,209.73,0,0,AMZN
2026-03-23 00:00:00-04:00,209.7899932861328,212.8000030517578,209.50999450683597,210.13999938964844,44277400,0.0,0.0,0.17,209.82,0,1,AMZN
2026-03-24 00:00:00-04:00,207.9499969482422,209.3500061035156,206.63999938964844,207.2400054931641,35351400,0.0,0.0,-0.34,209.76,0,0,AMZN
2026-03-25 00:00:00-04:00,211.55999755859372,213.07000732421875,209.8999938964844,211.7100067138672,36388800,0.0,0.0,0.07,209.76,0,1,AMZN
2026-03-26 00:00:00-04:00,210.6100006103516,212.88999938964844,207.1199951171875,207.5399932861328,46746000,0.0,0.0,-1.46,208.66,0,0,AMZN
2026-03-27 00:00:00-04:00,206.4600067138672,206.6000061035156,199.13999938964844,199.33999633789065,56009800,0.0,0.0,-3.45,207.16,0,0,AMZN
2026-03-30 00:00:00-04:00,201.47999572753903,203.8000030517578,199.97999572753903,200.9499969482422,46373800,0.0,0.0,-0.26,206.04,0,0,AMZN
2026-03-31 00:00:00-04:00,204.8500061035156,210.27999877929688,204.13999938964844,208.2700042724609,58470100,0.0,0.0,1.67,206.46,0,1,AMZN
2026-04-01 00:00:00-04:00,210.44000244140625,213.5800018310547,208.19000244140625,210.57000732421875,45955400,0.0,0.0,0.06,206.52,0,1,AMZN
2026-04-02 00:00:00-04:00,206.5399932861328,212.2100067138672,204.8999938964844,209.7700042724609,31453000,0.0,0.0,1.56,206.88,0,1,AMZN
2026-04-06 00:00:00-04:00,209.8000030517578,212.9499969482422,209.58999633789065,212.7899932861328,25385500,0.0,0.0,1.43,207.03,0,1,AMZN
2026-04-07 00:00:00-04:00,211.2400054931641,213.97000122070312,209.0800018310547,213.7700042724609,28154600,0.0,0.0,1.2,207.92,0,1,AMZN
2026-04-08 00:00:00-04:00,223.7899932861328,226.1000061035156,219.6199951171875,221.25,51092700,0.0,0.0,-1.13,211.05,0,1,AMZN
2026-04-09 00:00:00-04:00,225.22999572753903,233.8000030517578,223.2700042724609,233.6499938964844,65964200,0.0,0.0,3.74,215.72,1,1,AMZN
2026-04-10 00:00:00-04:00,235.3000030517578,240.42999267578125,235.2100067138672,238.3800048828125,56912800,0.0,0.0,1.31,220.03,0,1,AMZN
2026-04-13 00:00:00-04:00,237.4499969482422,240.0,235.75,239.88999938964844,42166200,0.0,0.0,1.03,224.21,0,1,AMZN
2026-04-14 00:00:00-04:00,241.77999877929688,252.17999267578125,241.77999877929688,249.0200042724609,72685000,0.0,0.0,2.99,229.82,1,1,AMZN
2026-04-15 00:00:00-04:00,249.25,250.44000244140625,247.1999969482422,248.5,43045200,0.0,0.0,-0.3,234.92,0,1,AMZN
2026-04-16 00:00:00-04:00,248.50999450683597,250.0,244.1999969482422,249.6999969482422,41895700,0.0,0.0,0.48,240.06,0,1,AMZN
2026-04-17 00:00:00-04:00,254.9900054931641,256.17999267578125,250.1100006103516,250.55999755859372,52029300,0.0,0.0,-1.74,244.24,0,1,AMZN
2026-04-20 00:00:00-04:00,249.19000244140625,250.17999267578125,245.3699951171875,248.27999877929688,39463100,0.0,0.0,-0.37,246.33,0,1,AMZN
2026-04-21 00:00:00-04:00,255.08999633789065,255.08999633789065,249.1000061035156,249.91000366210935,42922400,0.0,0.0,-2.03,247.98,0,1,AMZN
2026-04-22 00:00:00-04:00,252.44000244140625,255.94000244140625,250.3300018310547,255.3600006103516,36065100,0.0,0.0,1.16,250.19,0,1,AMZN
2026-04-23 00:00:00-04:00,255.38999938964844,258.7900085449219,253.07000732421875,255.0800018310547,39091400,0.0,0.0,-0.12,251.06,0,1,AMZN
2026-04-24 00:00:00-04:00,259.9800109863281,264.5,257.69000244140625,263.989990234375,53777400,0.0,0.0,1.54,253.27,0,1,AMZN
2026-04-27 00:00:00-04:00,263.4599914550781,264.1499938964844,260.3399963378906,261.1199951171875,44906800,0.0,0.0,-0.89,254.9,0,1,AMZN
2026-04-28 00:00:00-04:00,258.3900146484375,261.0299987792969,256.6300048828125,259.70001220703125,42204400,0.0,0.0,0.51,256.21,0,1,AMZN
2026-04-29 00:00:00-04:00,257.989990234375,265.9100036621094,257.70001220703125,263.0400085449219,72367900,0.0,0.0,1.96,258.31,0,1,AMZN
2026-04-30 00:00:00-04:00,273.1700134277344,273.8800048828125,256.1600036621094,265.0599975585937,100974900,0.0,0.0,-2.97,260.48,0,1,AMZN
2026-05-01 00:00:00-04:00,265.5799865722656,273.32000732421875,262.739990234375,268.260009765625,50825200,0.0,0.0,1.01,262.32,0,1,AMZN
2026-05-04 00:00:00-04:00,268.79998779296875,276.1000061035156,268.79998779296875,272.04998779296875,49083700,0.0,0.0,1.21,264.75,0,1,AMZN
2026-05-05 00:00:00-04:00,276.0799865722656,278.5599975585937,272.3800048828125,273.54998779296875,41908500,0.0,0.0,-0.92,266.11,0,1,AMZN
2026-05-06 00:00:00-04:00,272.8900146484375,277.79998779296875,272.2099914550781,274.989990234375,44552000,0.0,0.0,0.77,268.09,0,1,AMZN
2026-05-07 00:00:00-04:00,275.0199890136719,276.6300048828125,270.489990234375,271.1700134277344,35892900,0.0,0.0,-1.4,269.73,0,1,AMZN
2026-05-08 00:00:00-04:00,271.6300048828125,274.0,269.95001220703125,272.67999267578125,34732700,0.0,0.0,0.39,271.11,0,1,AMZN
2026-05-11 00:00:00-04:00,269.8399963378906,273.6300048828125,268.4800109863281,268.989990234375,38176700,0.0,0.0,-0.32,271.67,0,0,AMZN
2026-05-12 00:00:00-04:00,266.7099914550781,267.6499938964844,262.6300048828125,265.82000732421875,36776200,0.0,0.0,-0.33,271.32,0,0,AMZN
2026-05-13 00:00:00-04:00,264.42999267578125,270.7200012207031,263.20001220703125,270.1300048828125,39670900,0.0,0.0,2.16,271.05,1,0,AMZN
2026-05-14 00:00:00-04:00,269.1499938964844,270.7799987792969,266.6300048828125,267.2200012207031,31338400,0.0,0.0,-0.72,270.14,0,0,AMZN
2026-05-15 00:00:00-04:00,262.5,264.3599853515625,260.8900146484375,264.1400146484375,40770300,0.0,0.0,0.62,268.59,0,0,AMZN
2026-05-18 00:00:00-04:00,263.8699951171875,268.8500061035156,262.5299987792969,264.8599853515625,33690800,0.0,0.0,0.38,267.69,0,0,AMZN
2026-05-19 00:00:00-04:00,262.0400085449219,262.25,255.19000244140625,259.3399963378906,40340700,0.0,0.0,-1.03,265.79,0,0,AMZN
2026-05-20 00:00:00-04:00,260.04998779296875,265.5799865722656,259.5299987792969,265.010009765625,34933200,0.0,0.0,1.91,265.22,0,0,AMZN
2026-05-21 00:00:00-04:00,263.5,269.489990234375,261.3699951171875,268.4599914550781,36591700,0.0,0.0,1.88,265.59,0,1,AMZN
2026-05-22 00:00:00-04:00,268.6600036621094,269.7900085449219,266.239990234375,266.32000732421875,27535500,0.0,0.0,-0.87,265.05,0,1,AMZN
2026-05-26 00:00:00-04:00,267.94000244140625,269.29998779296875,262.07000732421875,265.2900085449219,38028100,0.0,0.0,-0.99,264.77,0,1,AMZN
2026-05-27 00:00:00-04:00,266.1499938964844,272.4100036621094,265.70001220703125,271.8500061035156,40061900,0.0,0.0,2.14,265.88,1,1,AMZN
2026-05-28 00:00:00-04:00,272.2699890136719,274.5,267.44000244140625,274.0,40630400,0.0,0.0,0.64,267.18,0,1,AMZN
2026-05-29 00:00:00-04:00,271.2900085449219,274.75,269.6400146484375,270.6400146484375,54749600,0.0,0.0,-0.24,268.8,0,1,AMZN
2026-06-01 00:00:00-04:00,266.2900085449219,266.6300048828125,260.70001220703125,261.260009765625,53604400,0.0,0.0,-1.89,268.26,0,0,AMZN
2026-06-02 00:00:00-04:00,257.1600036621094,261.20001220703125,254.3699951171875,256.5199890136719,41811000,0.0,0.0,-0.25,266.55,0,0,AMZN
2026-06-03 00:00:00-04:00,254.6999969482422,257.0899963378906,247.7100067138672,250.0200042724609,51394200,0.0,0.0,-1.84,264.23,0,0,AMZN
2026-06-04 00:00:00-04:00,253.1199951171875,255.8300018310547,251.75,253.7899932861328,35609800,0.0,0.0,0.26,262.58,0,0,AMZN
2026-06-05 00:00:00-04:00,254.25999450683597,256.3800048828125,245.77999877929688,246.02999877929688,55607800,0.0,0.0,-3.24,258.89,0,0,AMZN
2026-06-08 00:00:00-04:00,246.67999267578125,249.4199981689453,243.3600006103516,245.22000122070312,33899500,0.0,0.0,-0.59,254.78,0,0,AMZN
2026-06-09 00:00:00-04:00,247.72999572753903,250.42999267578125,240.3999938964844,244.19000244140625,44425400,0.0,0.0,-1.43,251.0,0,0,AMZN
2026-06-10 00:00:00-04:00,243.6100006103516,244.07000732421875,237.4499969482422,238.0,38590200,0.0,0.0,-2.3,247.68,0,0,AMZN
2026-06-11 00:00:00-04:00,237.92999267578125,242.13999938964844,235.17999267578125,241.50999450683597,41335400,0.0,0.0,1.5,245.54,0,0,AMZN
2026-06-12 00:00:00-04:00,243.2100067138672,243.3600006103516,233.58999633789065,238.5500030517578,51186600,0.0,0.0,-1.92,243.9,0,0,AMZN
2026-06-15 00:00:00-04:00,245.0200042724609,247.80999755859372,244.72999572753903,246.0200042724609,41711600,0.0,0.0,0.41,242.79,0,1,AMZN
2026-06-16 00:00:00-04:00,248.0,249.50999450683597,245.4499969482422,246.0,35187400,0.0,0.0,-0.81,242.78,0,1,AMZN
2026-06-17 00:00:00-04:00,244.8999938964844,245.91000366210935,236.0,237.5,44780800,0.0,0.0,-3.02,241.68,0,0,AMZN
2026-06-18 00:00:00-04:00,240.1199951171875,245.72999572753903,236.0200042724609,244.38999938964844,75624400,0.0,0.0,1.78,241.71,0,1,AMZN
2026-06-22 00:00:00-04:00,240.0800018310547,242.0,232.2400054931641,232.7899932861328,68388500,0.0,0.0,-3.04,240.97,0,0,AMZN
2026-06-23 00:00:00-04:00,232.5500030517578,236.8699951171875,232.0,234.1100006103516,60492600,0.0,0.0,0.67,239.91,0,0,AMZN
2026-06-24 00:00:00-04:00,233.8500061035156,242.4199981689453,232.9499969482422,234.2700042724609,70282600,0.0,0.0,0.18,239.3,0,0,AMZN
2026-06-25 00:00:00-04:00,232.0200042724609,232.32000732421875,225.5500030517578,227.00999450683597,77674100,0.0,0.0,-2.16,236.58,0,0,AMZN
2026-06-26 00:00:00-04:00,227.2100067138672,233.8999938964844,226.1300048828125,232.69000244140625,248372100,0.0,0.0,2.41,234.68,1,0,AMZN
2026-06-29 00:00:00-04:00,234.22000122070312,249.7100067138672,233.8000030517578,240.13999938964844,77619200,0.0,0.0,2.53,235.06,1,1,AMZN
2026-06-30 00:00:00-04:00,237.3500061035156,241.5399932861328,237.1699981689453,238.33999633789065,66228300,0.0,0.0,0.42,234.19,0,1,AMZN
2026-07-01 00:00:00-04:00,239.75,244.8999938964844,234.8999938964844,241.6999969482422,53829900,0.0,0.0,0.81,235.47,0,1,AMZN
2026-07-02 00:00:00-04:00,241.6100006103516,246.72000122070312,241.0800018310547,242.6699981689453,48246400,0.0,0.0,0.44,236.69,0,1,AMZN
2026-07-06 00:00:00-04:00,243.8000030517578,246.0399932861328,240.8800048828125,244.16000366210935,40044000,0.0,0.0,0.15,238.1,0,1,AMZN
2026-07-07 00:00:00-04:00,246.97999572753903,248.92999267578125,242.6999969482422,245.97999572753903,40579600,0.0,0.0,-0.4,240.81,0,1,AMZN
2026-07-08 00:00:00-04:00,244.2700042724609,244.8000030517578,240.5200042724609,243.6199951171875,29653000,0.0,0.0,-0.27,242.37,0,1,AMZN
2026-07-09 00:00:00-04:00,239.82000732421875,247.5,238.25,247.0399932861328,38091700,0.0,0.0,3.01,243.36,1,1,AMZN
2026-07-10 00:00:00-04:00,249.5500030517578,251.02999877929688,244.41000366210935,245.33999633789065,31654000,0.0,0.0,-1.69,244.36,0,1,AMZN
2026-07-13 00:00:00-04:00,244.67999267578125,249.6499938964844,244.17999267578125,247.30999755859372,34636100,0.0,0.0,1.07,245.16,0,1,AMZN
2026-07-14 00:00:00-04:00,245.5500030517578,248.55999755859372,243.8000030517578,247.4900054931641,30108100,0.0,0.0,0.79,245.85,0,1,AMZN
2026-07-15 00:00:00-04:00,249.75,256.4800109863281,249.75,254.9600067138672,45240600,0.0,0.0,2.09,247.39,1,1,AMZN
2026-07-16 00:00:00-04:00,255.1199951171875,258.0799865722656,248.0,249.88999938964844,45343700,0.0,0.0,-2.05,247.95,0,1,AMZN
2026-07-17 00:00:00-04:00,244.4600067138672,250.2400054931641,243.58999633789065,247.22999572753903,43572400,0.0,0.0,1.13,248.47,0,0,AMZN
2026-07-20 00:00:00-04:00,248.75999450683597,252.88999938964844,248.0,249.9900054931641,32406500,0.0,0.0,0.49,248.89,0,1,AMZN
2026-07-21 00:00:00-04:00,249.1100006103516,249.33999633789065,246.4199981689453,247.5500030517578,27732100,0.0,0.0,-0.63,249.2,0,0,AMZN
2026-07-22 00:00:00-04:00,248.2700042724609,248.4499969482422,242.4499969482422,244.8500061035156,34112700,0.0,0.0,-1.38,248.85,0,0,AMZN
2026-07-23 00:00:00-04:00,236.25999450683597,238.3500061035156,232.0500030517578,233.66000366210935,47465300,0.0,0.0,-1.1,246.88,0,0,AMZN
2026-07-24 00:00:00-04:00,234.3800048828125,234.9499969482422,231.33999633789065,232.1100006103516,35017400,0.0,0.0,-0.97,243.61,0,0,AMZN
2026-07-27 00:00:00-04:00,235.6699981689453,235.88999938964844,230.9900054931641,231.38999938964844,34999500,0.0,0.0,-1.82,240.97,0,0,AMZN
2026-07-28 00:00:00-04:00,232.8500061035156,233.1100006103516,228.1000061035156,230.8600006103516,44521600,0.0,0.0,-0.85,238.63,0,0,AMZN
2026-07-29 00:00:00-04:00,229.32000732421875,232.82000732421875,226.16000366210935,226.6499938964844,44957500,0.0,0.0,-1.16,235.3,0,0,AMZN
2026-07-30 00:00:00-04:00,233.3500061035156,239.82000732421875,231.05999755859372,235.5,101839800,0.0,0.0,0.92,233.57,0,1,AMZN
2026-07-31 00:00:00-04:00,265.0,273.2300109863281,262.010009765625,271.5799865722656,129054800,0.0,0.0,2.48,237.39,1,1,AMZN
2026-08-03 00:00:00-04:00,278.2900085449219,287.20001220703125,278.0,284.0199890136719,90830200,0.0,0.0,2.06,244.59,1,1,AMZN
2026-08-04 00:00:00-04:00,276.0599975585937,281.07000732421875,275.82000732421875,277.4200134277344,69748100,0.0,0.0,0.49,251.06,0,1,AMZN
2026-08-05 00:00:00-04:00,281.5899963378906,282.7900085449219,270.7300109863281,272.6499938964844,45119800,0.0,0.0,-3.17,256.95,0,1,AMZN
2026-08-06 00:00:00-04:00,272.7699890136719,275.4800109863281,271.0599975585937,272.260009765625,30672900,0.0,0.0,-0.19,262.87,0,1,AMZN
2026-08-07 00:00:00-04:00,272.8699951171875,278.3099975585937,272.75,274.4800109863281,33861400,0.0,0.0,0.59,269.7,0,1,AMZN
2026-08-10 00:00:00-04:00,274.010009765625,280.1400146484375,273.6000061035156,278.0899963378906,35731900,0.0,0.0,1.49,275.79,0,1,AMZN
2026-08-11 00:00:00-04:00,278.69000244140625,278.8399963378906,271.3599853515625,272.2699890136719,31895700,0.0,0.0,-2.3,275.88,0,0,AMZN
2026-08-12 00:00:00-04:00,273.17999267578125,273.4599914550781,267.1000061035156,267.2799987792969,29941100,0.0,0.0,-2.16,273.49,0,0,AMZN
2026-08-13 00:00:00-04:00,267.239990234375,269.5799865722656,264.7099914550781,265.1300048828125,32170200,0.0,0.0,-0.79,271.74,0,0,AMZN
2026-08-14 00:00:00-04:00,264.8800048828125,265.8099975585937,262.4200134277344,262.6499938964844,27251700,0.0,0.0,-0.84,270.31,0,0,AMZN
2026-08-17 00:00:00-04:00,265.44000244140625,265.75,258.3399963378906,261.3099975585937,43896500,0.0,0.0,-1.56,268.74,0,0,AMZN
2026-08-18 00:00:00-04:00,260.6300048828125,262.17999267578125,257.7300109863281,259.45001220703125,33171300,0.0,0.0,-0.45,266.6,0,0,AMZN
2026-08-19 00:00:00-04:00,260.8500061035156,266.3999938964844,258.5799865722656,265.8399963378906,35762400,0.0,0.0,1.91,264.85,0,1,AMZN
2026-08-20 00:00:00-04:00,263.1600036621094,263.8399963378906,259.5199890136719,260.1099853515625,28374100,0.0,0.0,-1.16,263.11,0,0,AMZN
2026-08-21 00:00:00-04:00,260.739990234375,261.0899963378906,257.0400085449219,258.6300048828125,35723000,0.0,0.0,-0.81,261.87,0,0,AMZN
2026-08-24 00:00:00-04:00,259.6000061035156,263.32000732421875,259.04998779296875,262.07000732421875,28070500,0.0,0.0,0.95,261.44,0,1,AMZN
2026-08-25 00:00:00-04:00,262.510009765625,263.8900146484375,259.8299865722656,261.0599975585937,25550200,0.0,0.0,-0.55,261.21,0,0,AMZN
2026-08-26 00:00:00-04:00,261.2799987792969,262.04998779296875,258.239990234375,260.2799987792969,21528400,0.0,0.0,-0.38,261.06,0,0,AMZN
2026-08-27 00:00:00-04:00,259.2300109863281,259.6600036621094,255.0200042724609,256.260009765625,35927800,0.0,0.0,-1.15,260.61,0,0,AMZN
2026-08-28 00:00:00-04:00,258.32000732421875,267.5599975585937,257.7799987792969,266.42999267578125,49547400,0.0,0.0,3.14,260.69,1,1,AMZN
2026-08-31 00:00:00-04:00,263.8299865722656,264.3599853515625,257.1199951171875,259.7699890136719,46089400,0.0,0.0,-1.54,260.64,0,0,AMZN
2026-09-01 00:00:00-04:00,254.8300018310547,255.82000732421875,251.92999267578125,254.9199981689453,31700100,0.0,0.0,0.04,260.11,0,0,AMZN
2026-09-02 00:00:00-04:00,254.25999450683597,256.239990234375,253.3999938964844,254.97999572753903,24013300,0.0,0.0,0.28,259.1,0,0,AMZN
2026-09-03 00:00:00-04:00,256.20001220703125,259.5,256.0,258.8999938964844,26891500,0.0,0.0,1.05,258.79,0,1,AMZN
2026-09-04 00:00:00-04:00,259.07000732421875,261.1199951171875,255.2899932861328,258.510009765625,30749900,0.0,0.0,-0.22,258.54,0,0,AMZN
2026-09-08 00:00:00-04:00,256.67999267578125,257.989990234375,254.75,256.9700012207031,29398000,0.0,0.0,0.11,258.64,0,0,AMZN
2026-09-09 00:00:00-04:00,253.1199951171875,254.69000244140625,250.6499938964844,252.3999938964844,33055500,0.0,0.0,-0.28,256.64,0,0,AMZN
2026-09-10 00:00:00-04:00,250.1100006103516,253.1499938964844,249.5800018310547,251.88999938964844,25484800,0.0,0.0,0.71,255.51,0,0,AMZN
2026-09-11 00:00:00-04:00,254.08999633789065,257.5899963378906,253.13999938964844,256.7799987792969,26724100,0.0,0.0,1.06,255.78,0,1,AMZN
2026-09-14 00:00:00-04:00,253.1499938964844,255.9499969482422,250.7400054931641,253.5399932861328,34352800,0.0,0.0,0.15,255.57,0,0,AMZN
2026-09-15 00:00:00-04:00,252.2400054931641,253.2700042724609,247.22000122070312,248.4199981689453,36275400,0.0,0.0,-1.51,254.07,0,0,AMZN
2026-09-16 00:00:00-04:00,248.1000061035156,249.25999450683597,244.3000030517578,245.9600067138672,33318500,0.0,0.0,-0.86,252.28,0,0,AMZN
